chrom	start	end	col3	accession	element_type	col7	col8	col9	col10	col11	col12	gene_id
chr1	10034	10251	EH38D4327497	EH38E2776516	pELS	chr1	65419	65419	ENST00000641515.2	.	+	ENSG00000186092.7
chr1	10386	10714	EH38D4327498	EH38E2776517	pELS	chr1	65419	65419	ENST00000641515.2	.	+	ENSG00000186092.7
chr1	16098	16382	EH38D6144701	EH38E3951272	CA-CTCF	chr1	65419	65419	ENST00000641515.2	.	+	ENSG00000186092.7
chr1	17344	17643	EH38D6144702	EH38E3951273	CA-TF	chr1	65419	65419	ENST00000641515.2	.	+	ENSG00000186092.7
chr1	29321	29518	EH38D6144703	EH38E3951274	CA	chr1	65419	65419	ENST00000641515.2	.	+	ENSG00000186092.7
chr1	66351	66510	EH38D4327503	EH38E3951275	CA	chr1	65419	65419	ENST00000641515.2	.	+	ENSG00000186092.7
chr1	78991	79239	EH38D4327504	EH38E3951276	CA	chr1	65419	65419	ENST00000641515.2	.	+	ENSG00000186092.7
chr1	79305	79546	EH38D4327505	EH38E2776519	dELS	chr1	65419	65419	ENST00000641515.2	.	+	ENSG00000186092.7
chr1	91088	91427	EH38D6144707	EH38E3951277	CA-CTCF	chr1	65419	65419	ENST00000641515.2	.	+	ENSG00000186092.7
chr1	98868	99118	EH38F0000001	EH38E3951278	TF	chr1	65419	65419	ENST00000641515.2	.	+	ENSG00000186092.7
chr1	99554	99797	EH38D4327508	EH38E3951279	CA	chr1	65419	65419	ENST00000641515.2	.	+	ENSG00000186092.7
chr1	104897	105049	EH38D4327509	EH38E2776520	CA-CTCF	chr1	65419	65419	ENST00000641515.2	.	+	ENSG00000186092.7
chr1	115563	115913	EH38F0000002	EH38E3951280	CA-CTCF	chr1	65419	65419	ENST00000641515.2	.	+	ENSG00000186092.7
chr1	118509	118827	EH38F0000003	EH38E3951281	TF	chr1	65419	65419	ENST00000641515.2	.	+	ENSG00000186092.7
chr1	127669	127900	EH38D6144708	EH38E3951282	CA	chr1	65419	65419	ENST00000641515.2	.	+	ENSG00000186092.7
chr1	134943	135284	EH38D4327515	EH38E3951283	CA	chr1	65419	65419	ENST00000641515.2	.	+	ENSG00000186092.7
chr1	136379	136541	EH38D4327516	EH38E3951284	TF	chr1	65419	65419	ENST00000641515.2	.	+	ENSG00000186092.7
chr1	136647	136986	EH38D4327517	EH38E3951285	CA	chr1	65419	65419	ENST00000641515.2	.	+	ENSG00000186092.7
chr1	138918	139113	EH38D6144710	EH38E3951286	pELS	chr1	65419	65419	ENST00000641515.2	.	+	ENSG00000186092.7
chr1	139238	139528	EH38D4327521	EH38E3951287	TF	chr1	65419	65419	ENST00000641515.2	.	+	ENSG00000186092.7
chr1	180744	180905	EH38D4327523	EH38E2776522	CA-H3K4me3	chr1	65419	65419	ENST00000641515.2	.	+	ENSG00000186092.7
chr1	181015	181238	EH38D4327524	EH38E2776523	CA-H3K4me3	chr1	65419	65419	ENST00000641515.2	.	+	ENSG00000186092.7
chr1	181290	181640	EH38D4327525	EH38E2776524	CA-H3K4me3	chr1	65419	65419	ENST00000641515.2	.	+	ENSG00000186092.7
chr1	181981	182152	EH38D6144711	EH38E3951288	CA-CTCF	chr1	65419	65419	ENST00000641515.2	.	+	ENSG00000186092.7
chr1	182642	182980	EH38D4327526	EH38E3951289	CA	chr1	65419	65419	ENST00000641515.2	.	+	ENSG00000186092.7
chr1	183227	183379	EH38D4327527	EH38E3951290	CA	chr1	65419	65419	ENST00000641515.2	.	+	ENSG00000186092.7
chr1	183707	183898	EH38D4327528	EH38E3951291	CA	chr1	65419	65419	ENST00000641515.2	.	+	ENSG00000186092.7
chr1	184095	184267	EH38D6144712	EH38E3951292	pELS	chr1	65419	65419	ENST00000641515.2	.	+	ENSG00000186092.7
chr1	184384	184571	EH38D6144713	EH38E3951293	CA-CTCF	chr1	65419	65419	ENST00000641515.2	.	+	ENSG00000186092.7
chr1	185636	185809	EH38D4327530	EH38E3951294	CA	chr1	65419	65419	ENST00000641515.2	.	+	ENSG00000186092.7
chr1	186253	186600	EH38D6144714	EH38E3951295	CA-CTCF	chr1	65419	65419	ENST00000641515.2	.	+	ENSG00000186092.7
chr1	186997	187162	EH38D6144715	EH38E3951296	CA-CTCF	chr1	65419	65419	ENST00000641515.2	.	+	ENSG00000186092.7
chr1	188397	188560	EH38D4327536	EH38E3951297	CA	chr1	65419	65419	ENST00000641515.2	.	+	ENSG00000186092.7
chr1	190810	191059	EH38D4327539	EH38E2776525	dELS	chr1	65419	65419	ENST00000641515.2	.	+	ENSG00000186092.7
chr1	191295	191645	EH38D4327540	EH38E2776526	dELS	chr1	65419	65419	ENST00000641515.2	.	+	ENSG00000186092.7
chr1	191760	191936	EH38D4327541	EH38E2776527	dELS	chr1	65419	65419	ENST00000641515.2	.	+	ENSG00000186092.7
chr1	264599	264769	EH38D4327543	EH38E3951298	CA	chr1	451678	451678	ENST00000426406.4	.	-	ENSG00000284733.2
chr1	267926	268172	EH38D4327544	EH38E2776528	CA-CTCF	chr1	451678	451678	ENST00000426406.4	.	-	ENSG00000284733.2
chr1	271227	271469	EH38D4327546	EH38E2776529	dELS	chr1	451678	451678	ENST00000426406.4	.	-	ENSG00000284733.2
chr1	273878	274052	EH38F0000004	EH38E3951299	TF	chr1	451678	451678	ENST00000426406.4	.	-	ENSG00000284733.2
chr1	274330	274482	EH38D4327547	EH38E2776530	dELS	chr1	451678	451678	ENST00000426406.4	.	-	ENSG00000284733.2
chr1	276233	276385	EH38D4327549	EH38E3951300	CA	chr1	451678	451678	ENST00000426406.4	.	-	ENSG00000284733.2
chr1	280517	280779	EH38D4327551	EH38E2776531	dELS	chr1	451678	451678	ENST00000426406.4	.	-	ENSG00000284733.2
chr1	502580	502741	EH38D4327553	EH38E3951301	CA	chr1	451678	451678	ENST00000426406.4	.	-	ENSG00000284733.2
chr1	586037	586265	EH38D4327554	EH38E2776532	CA-CTCF	chr1	686654	686654	ENST00000332831.5	.	-	ENSG00000284662.2
chr1	588016	588168	EH38D4327555	EH38E2776533	pELS	chr1	686654	686654	ENST00000332831.5	.	-	ENSG00000284662.2
chr1	605331	605669	EH38D4327560	EH38E2776534	dELS	chr1	686654	686654	ENST00000332831.5	.	-	ENSG00000284662.2
chr1	609205	609418	EH38D4327561	EH38E2776535	CA-CTCF	chr1	686654	686654	ENST00000332831.5	.	-	ENSG00000284662.2
chr1	610617	610879	EH38D6144719	EH38E3951302	CA-CTCF	chr1	686654	686654	ENST00000332831.5	.	-	ENSG00000284662.2
chr1	623956	624108	EH38D4327563	EH38E3951303	CA	chr1	686654	686654	ENST00000332831.5	.	-	ENSG00000284662.2
chr1	625737	625889	EH38D4327564	EH38E3951304	CA	chr1	686654	686654	ENST00000332831.5	.	-	ENSG00000284662.2
chr1	625910	626233	EH38D6144721	EH38E3951305	CA-CTCF	chr1	686654	686654	ENST00000332831.5	.	-	ENSG00000284662.2
chr1	627477	627669	EH38D4327565	EH38E3951306	CA	chr1	686654	686654	ENST00000332831.5	.	-	ENSG00000284662.2
chr1	665975	666245	EH38F0000005	EH38E3951307	TF	chr1	686654	686654	ENST00000332831.5	.	-	ENSG00000284662.2
chr1	675364	675714	EH38F0000006	EH38E3951308	TF	chr1	686654	686654	ENST00000332831.5	.	-	ENSG00000284662.2
chr1	691989	692141	EH38D4327567	EH38E3951309	CA	chr1	686654	686654	ENST00000332831.5	.	-	ENSG00000284662.2
chr1	727122	727351	EH38D4327570	EH38E2776536	dELS	chr1	686654	686654	ENST00000332831.5	.	-	ENSG00000284662.2
chr1	729285	729438	EH38D4327572	EH38E3951310	TF	chr1	686654	686654	ENST00000332831.5	.	-	ENSG00000284662.2
chr1	733772	734007	EH38D4327573	EH38E2776537	dELS	chr1	686654	686654	ENST00000332831.5	.	-	ENSG00000284662.2
chr1	736515	736675	EH38D4327574	EH38E3951311	CA	chr1	686654	686654	ENST00000332831.5	.	-	ENSG00000284662.2
chr1	758215	758416	EH38D4327575	EH38E3951312	CA	chr1	686654	686654	ENST00000332831.5	.	-	ENSG00000284662.2
chr1	770845	771085	EH38D4327576	EH38E3951313	CA	chr1	686654	686654	ENST00000332831.5	.	-	ENSG00000284662.2
chr1	777838	778131	EH38D4327579	EH38E2776538	pELS	chr1	686654	686654	ENST00000332831.5	.	-	ENSG00000284662.2
chr1	778571	778920	EH38D4327580	EH38E2776539	PLS	chr1	686654	686654	ENST00000332831.5	.	-	ENSG00000284662.2
chr1	779024	779183	EH38D6144726	EH38E3951314	PLS	chr1	686654	686654	ENST00000332831.5	.	-	ENSG00000284662.2
chr1	779223	779433	EH38D4327582	EH38E2776541	pELS	chr1	686654	686654	ENST00000332831.5	.	-	ENSG00000284662.2
chr1	779716	780048	EH38D6144727	EH38E3951315	pELS	chr1	686654	686654	ENST00000332831.5	.	-	ENSG00000284662.2
chr1	788959	789153	EH38D4327584	EH38E2776543	CA-H3K4me3	chr1	686654	686654	ENST00000332831.5	.	-	ENSG00000284662.2
chr1	790398	790627	EH38D2115328	EH38E1310162	CA-TF	chr1	686654	686654	ENST00000332831.5	.	-	ENSG00000284662.2
chr1	791060	791408	EH38D4327585	EH38E3951316	CA	chr1	686654	686654	ENST00000332831.5	.	-	ENSG00000284662.2
chr1	794886	795156	EH38D2115330	EH38E1310163	dELS	chr1	686654	686654	ENST00000332831.5	.	-	ENSG00000284662.2
chr1	804782	805062	EH38D4327590	EH38E2776544	pELS	chr1	686654	686654	ENST00000332831.5	.	-	ENSG00000284662.2
chr1	807737	807917	EH38D2115331	EH38E1310164	dELS	chr1	923923	923923	ENST00000616016.5	.	+	ENSG00000187634.13
chr1	807737	807917	EH38D2115331	EH38E1310164	dELS	chr1	923923	923923	ENST00000618323.5	.	+	ENSG00000187634.13
chr1	811073	811314	EH38F0000007	EH38E3951317	TF	chr1	923923	923923	ENST00000616016.5	.	+	ENSG00000187634.13
chr1	811073	811314	EH38F0000007	EH38E3951317	TF	chr1	923923	923923	ENST00000618323.5	.	+	ENSG00000187634.13
chr1	812765	813115	EH38F0000008	EH38E3951318	TF	chr1	923923	923923	ENST00000616016.5	.	+	ENSG00000187634.13
chr1	812765	813115	EH38F0000008	EH38E3951318	TF	chr1	923923	923923	ENST00000618323.5	.	+	ENSG00000187634.13
chr1	814727	814928	EH38D4327591	EH38E2776545	dELS	chr1	923923	923923	ENST00000616016.5	.	+	ENSG00000187634.13
chr1	814727	814928	EH38D4327591	EH38E2776545	dELS	chr1	923923	923923	ENST00000618323.5	.	+	ENSG00000187634.13
chr1	817081	817404	EH38D2115333	EH38E1310166	PLS	chr1	923923	923923	ENST00000616016.5	.	+	ENSG00000187634.13
chr1	817081	817404	EH38D2115333	EH38E1310166	PLS	chr1	923923	923923	ENST00000618323.5	.	+	ENSG00000187634.13
chr1	817974	818324	EH38D4327592	EH38E2776546	pELS	chr1	923923	923923	ENST00000616016.5	.	+	ENSG00000187634.13
chr1	817974	818324	EH38D4327592	EH38E2776546	pELS	chr1	923923	923923	ENST00000618323.5	.	+	ENSG00000187634.13
chr1	818330	818574	EH38D4327593	EH38E2776547	pELS	chr1	923923	923923	ENST00000616016.5	.	+	ENSG00000187634.13
chr1	818330	818574	EH38D4327593	EH38E2776547	pELS	chr1	923923	923923	ENST00000618323.5	.	+	ENSG00000187634.13
chr1	818714	818883	EH38D4327594	EH38E2776548	pELS	chr1	923923	923923	ENST00000616016.5	.	+	ENSG00000187634.13
chr1	818714	818883	EH38D4327594	EH38E2776548	pELS	chr1	923923	923923	ENST00000618323.5	.	+	ENSG00000187634.13
chr1	818885	819184	EH38D4327595	EH38E2776549	pELS	chr1	923923	923923	ENST00000616016.5	.	+	ENSG00000187634.13
chr1	818885	819184	EH38D4327595	EH38E2776549	pELS	chr1	923923	923923	ENST00000618323.5	.	+	ENSG00000187634.13
chr1	819894	820228	EH38D2115337	EH38E1310170	dELS	chr1	923923	923923	ENST00000616016.5	.	+	ENSG00000187634.13
chr1	819894	820228	EH38D2115337	EH38E1310170	dELS	chr1	923923	923923	ENST00000618323.5	.	+	ENSG00000187634.13
chr1	821040	821269	EH38D4327599	EH38E2776550	dELS	chr1	923923	923923	ENST00000616016.5	.	+	ENSG00000187634.13
chr1	821040	821269	EH38D4327599	EH38E2776550	dELS	chr1	923923	923923	ENST00000618323.5	.	+	ENSG00000187634.13
chr1	821469	821732	EH38D4327600	EH38E2776551	dELS	chr1	923923	923923	ENST00000616016.5	.	+	ENSG00000187634.13
chr1	821469	821732	EH38D4327600	EH38E2776551	dELS	chr1	923923	923923	ENST00000618323.5	.	+	ENSG00000187634.13
chr1	825847	826069	EH38D4327606	EH38E2776552	pELS	chr1	923923	923923	ENST00000616016.5	.	+	ENSG00000187634.13
chr1	825847	826069	EH38D4327606	EH38E2776552	pELS	chr1	923923	923923	ENST00000618323.5	.	+	ENSG00000187634.13
chr1	826735	826888	EH38D4327607	EH38E2776553	PLS	chr1	923923	923923	ENST00000616016.5	.	+	ENSG00000187634.13
chr1	826735	826888	EH38D4327607	EH38E2776553	PLS	chr1	923923	923923	ENST00000618323.5	.	+	ENSG00000187634.13
chr1	826895	827163	EH38D4327608	EH38E2776554	PLS	chr1	923923	923923	ENST00000616016.5	.	+	ENSG00000187634.13
chr1	826895	827163	EH38D4327608	EH38E2776554	PLS	chr1	923923	923923	ENST00000618323.5	.	+	ENSG00000187634.13
chr1	827418	827768	EH38D4327609	EH38E2776555	PLS	chr1	923923	923923	ENST00000616016.5	.	+	ENSG00000187634.13
chr1	827418	827768	EH38D4327609	EH38E2776555	PLS	chr1	923923	923923	ENST00000618323.5	.	+	ENSG00000187634.13
chr1	828889	829043	EH38D4327610	EH38E3951319	pELS	chr1	923923	923923	ENST00000616016.5	.	+	ENSG00000187634.13
chr1	828889	829043	EH38D4327610	EH38E3951319	pELS	chr1	923923	923923	ENST00000618323.5	.	+	ENSG00000187634.13
chr1	830133	830376	EH38D4327611	EH38E2776556	dELS	chr1	923923	923923	ENST00000616016.5	.	+	ENSG00000187634.13
chr1	830133	830376	EH38D4327611	EH38E2776556	dELS	chr1	923923	923923	ENST00000618323.5	.	+	ENSG00000187634.13
chr1	830438	830596	EH38D4327612	EH38E2776557	dELS	chr1	923923	923923	ENST00000616016.5	.	+	ENSG00000187634.13
chr1	830438	830596	EH38D4327612	EH38E2776557	dELS	chr1	923923	923923	ENST00000618323.5	.	+	ENSG00000187634.13
chr1	830842	831016	EH38D4327613	EH38E2776558	dELS	chr1	923923	923923	ENST00000616016.5	.	+	ENSG00000187634.13
chr1	830842	831016	EH38D4327613	EH38E2776558	dELS	chr1	923923	923923	ENST00000618323.5	.	+	ENSG00000187634.13
chr1	831333	831532	EH38D2115345	EH38E1310175	dELS	chr1	923923	923923	ENST00000616016.5	.	+	ENSG00000187634.13
chr1	831333	831532	EH38D2115345	EH38E1310175	dELS	chr1	923923	923923	ENST00000618323.5	.	+	ENSG00000187634.13
chr1	831629	831979	EH38F0000009	EH38E3951320	dELS	chr1	923923	923923	ENST00000616016.5	.	+	ENSG00000187634.13
chr1	831629	831979	EH38F0000009	EH38E3951320	dELS	chr1	923923	923923	ENST00000618323.5	.	+	ENSG00000187634.13
chr1	832182	832498	EH38D4327615	EH38E2776559	dELS	chr1	923923	923923	ENST00000616016.5	.	+	ENSG00000187634.13
chr1	832182	832498	EH38D4327615	EH38E2776559	dELS	chr1	923923	923923	ENST00000618323.5	.	+	ENSG00000187634.13
chr1	832887	833042	EH38D4327617	EH38E2776560	dELS	chr1	923923	923923	ENST00000616016.5	.	+	ENSG00000187634.13
chr1	832887	833042	EH38D4327617	EH38E2776560	dELS	chr1	923923	923923	ENST00000618323.5	.	+	ENSG00000187634.13
chr1	833359	833521	EH38D4327618	EH38E2776561	dELS	chr1	923923	923923	ENST00000616016.5	.	+	ENSG00000187634.13
chr1	833359	833521	EH38D4327618	EH38E2776561	dELS	chr1	923923	923923	ENST00000618323.5	.	+	ENSG00000187634.13
chr1	834398	834580	EH38D4327621	EH38E2776562	dELS	chr1	923923	923923	ENST00000616016.5	.	+	ENSG00000187634.13
chr1	834398	834580	EH38D4327621	EH38E2776562	dELS	chr1	923923	923923	ENST00000618323.5	.	+	ENSG00000187634.13
chr1	835541	835832	EH38D4327622	EH38E2776563	dELS	chr1	923923	923923	ENST00000616016.5	.	+	ENSG00000187634.13
chr1	835541	835832	EH38D4327622	EH38E2776563	dELS	chr1	923923	923923	ENST00000618323.5	.	+	ENSG00000187634.13
chr1	837632	837967	EH38D4327623	EH38E2776564	dELS	chr1	923923	923923	ENST00000616016.5	.	+	ENSG00000187634.13
chr1	837632	837967	EH38D4327623	EH38E2776564	dELS	chr1	923923	923923	ENST00000618323.5	.	+	ENSG00000187634.13
chr1	838332	838679	EH38D4327624	EH38E2776565	dELS	chr1	923923	923923	ENST00000616016.5	.	+	ENSG00000187634.13
chr1	838332	838679	EH38D4327624	EH38E2776565	dELS	chr1	923923	923923	ENST00000618323.5	.	+	ENSG00000187634.13
chr1	840695	840857	EH38D6144731	EH38E3951321	dELS	chr1	923923	923923	ENST00000616016.5	.	+	ENSG00000187634.13
chr1	840695	840857	EH38D6144731	EH38E3951321	dELS	chr1	923923	923923	ENST00000618323.5	.	+	ENSG00000187634.13
chr1	841712	842012	EH38D4327627	EH38E2776567	dELS	chr1	923923	923923	ENST00000616016.5	.	+	ENSG00000187634.13
chr1	841712	842012	EH38D4327627	EH38E2776567	dELS	chr1	923923	923923	ENST00000618323.5	.	+	ENSG00000187634.13
chr1	842236	842388	EH38D4327628	EH38E2776568	dELS	chr1	923923	923923	ENST00000616016.5	.	+	ENSG00000187634.13
chr1	842236	842388	EH38D4327628	EH38E2776568	dELS	chr1	923923	923923	ENST00000618323.5	.	+	ENSG00000187634.13
chr1	842778	843117	EH38D4327629	EH38E2776569	dELS	chr1	923923	923923	ENST00000616016.5	.	+	ENSG00000187634.13
chr1	842778	843117	EH38D4327629	EH38E2776569	dELS	chr1	923923	923923	ENST00000618323.5	.	+	ENSG00000187634.13
chr1	843383	843572	EH38D6144733	EH38E3951322	dELS	chr1	923923	923923	ENST00000616016.5	.	+	ENSG00000187634.13
chr1	843383	843572	EH38D6144733	EH38E3951322	dELS	chr1	923923	923923	ENST00000618323.5	.	+	ENSG00000187634.13
chr1	843994	844283	EH38D4327631	EH38E2776570	dELS	chr1	923923	923923	ENST00000616016.5	.	+	ENSG00000187634.13
chr1	843994	844283	EH38D4327631	EH38E2776570	dELS	chr1	923923	923923	ENST00000618323.5	.	+	ENSG00000187634.13
chr1	844492	844837	EH38D2115357	EH38E1310185	dELS	chr1	923923	923923	ENST00000616016.5	.	+	ENSG00000187634.13
chr1	844492	844837	EH38D2115357	EH38E1310185	dELS	chr1	923923	923923	ENST00000618323.5	.	+	ENSG00000187634.13
chr1	845638	845976	EH38D2115358	EH38E2776571	dELS	chr1	923923	923923	ENST00000616016.5	.	+	ENSG00000187634.13
chr1	845638	845976	EH38D2115358	EH38E2776571	dELS	chr1	923923	923923	ENST00000618323.5	.	+	ENSG00000187634.13
chr1	847674	847929	EH38D4327634	EH38E2776572	dELS	chr1	923923	923923	ENST00000616016.5	.	+	ENSG00000187634.13
chr1	847674	847929	EH38D4327634	EH38E2776572	dELS	chr1	923923	923923	ENST00000618323.5	.	+	ENSG00000187634.13
chr1	850421	850624	EH38D4327637	EH38E2776573	dELS	chr1	923923	923923	ENST00000616016.5	.	+	ENSG00000187634.13
chr1	850421	850624	EH38D4327637	EH38E2776573	dELS	chr1	923923	923923	ENST00000618323.5	.	+	ENSG00000187634.13
chr1	851454	851775	EH38D2115362	EH38E2776574	dELS	chr1	923923	923923	ENST00000616016.5	.	+	ENSG00000187634.13
chr1	851454	851775	EH38D2115362	EH38E2776574	dELS	chr1	923923	923923	ENST00000618323.5	.	+	ENSG00000187634.13
chr1	851886	852089	EH38D4327638	EH38E2776575	dELS	chr1	923923	923923	ENST00000616016.5	.	+	ENSG00000187634.13
chr1	851886	852089	EH38D4327638	EH38E2776575	dELS	chr1	923923	923923	ENST00000618323.5	.	+	ENSG00000187634.13
chr1	855335	855485	EH38F0000010	EH38E3951323	dELS	chr1	923923	923923	ENST00000616016.5	.	+	ENSG00000187634.13
chr1	855335	855485	EH38F0000010	EH38E3951323	dELS	chr1	923923	923923	ENST00000618323.5	.	+	ENSG00000187634.13
chr1	855586	855886	EH38D4327644	EH38E3951324	CA	chr1	923923	923923	ENST00000616016.5	.	+	ENSG00000187634.13
chr1	855586	855886	EH38D4327644	EH38E3951324	CA	chr1	923923	923923	ENST00000618323.5	.	+	ENSG00000187634.13
chr1	856578	856854	EH38D2115368	EH38E2776576	CA-CTCF	chr1	923923	923923	ENST00000616016.5	.	+	ENSG00000187634.13
chr1	856578	856854	EH38D2115368	EH38E2776576	CA-CTCF	chr1	923923	923923	ENST00000618323.5	.	+	ENSG00000187634.13
chr1	858049	858280	EH38D6144737	EH38E3951325	dELS	chr1	923923	923923	ENST00000616016.5	.	+	ENSG00000187634.13
chr1	858049	858280	EH38D6144737	EH38E3951325	dELS	chr1	923923	923923	ENST00000618323.5	.	+	ENSG00000187634.13
chr1	858326	858517	EH38D2115370	EH38E1310189	pELS	chr1	923923	923923	ENST00000616016.5	.	+	ENSG00000187634.13
chr1	858326	858517	EH38D2115370	EH38E1310189	pELS	chr1	923923	923923	ENST00000618323.5	.	+	ENSG00000187634.13
chr1	858684	859029	EH38D4327647	EH38E2776578	pELS	chr1	923923	923923	ENST00000616016.5	.	+	ENSG00000187634.13
chr1	858684	859029	EH38D4327647	EH38E2776578	pELS	chr1	923923	923923	ENST00000618323.5	.	+	ENSG00000187634.13
chr1	860879	861088	EH38D2115372	EH38E1310191	pELS	chr1	923923	923923	ENST00000616016.5	.	+	ENSG00000187634.13
chr1	860879	861088	EH38D2115372	EH38E1310191	pELS	chr1	923923	923923	ENST00000618323.5	.	+	ENSG00000187634.13
chr1	861813	862163	EH38F0000011	EH38E3951326	TF	chr1	923923	923923	ENST00000616016.5	.	+	ENSG00000187634.13
chr1	861813	862163	EH38F0000011	EH38E3951326	TF	chr1	923923	923923	ENST00000618323.5	.	+	ENSG00000187634.13
chr1	864693	864940	EH38D6144738	EH38E3951327	dELS	chr1	923923	923923	ENST00000616016.5	.	+	ENSG00000187634.13
chr1	864693	864940	EH38D6144738	EH38E3951327	dELS	chr1	923923	923923	ENST00000618323.5	.	+	ENSG00000187634.13
chr1	864956	865207	EH38D6144739	EH38E3951328	dELS	chr1	923923	923923	ENST00000616016.5	.	+	ENSG00000187634.13
chr1	864956	865207	EH38D6144739	EH38E3951328	dELS	chr1	923923	923923	ENST00000618323.5	.	+	ENSG00000187634.13
chr1	865421	865612	EH38D2115374	EH38E1310192	dELS	chr1	923923	923923	ENST00000616016.5	.	+	ENSG00000187634.13
chr1	865421	865612	EH38D2115374	EH38E1310192	dELS	chr1	923923	923923	ENST00000618323.5	.	+	ENSG00000187634.13
chr1	865784	866097	EH38D2115375	EH38E1310193	dELS	chr1	923923	923923	ENST00000616016.5	.	+	ENSG00000187634.13
chr1	865784	866097	EH38D2115375	EH38E1310193	dELS	chr1	923923	923923	ENST00000618323.5	.	+	ENSG00000187634.13
chr1	866117	866334	EH38D2115376	EH38E1310194	dELS	chr1	923923	923923	ENST00000616016.5	.	+	ENSG00000187634.13
chr1	866117	866334	EH38D2115376	EH38E1310194	dELS	chr1	923923	923923	ENST00000618323.5	.	+	ENSG00000187634.13
chr1	866397	866564	EH38D4327650	EH38E2776580	dELS	chr1	923923	923923	ENST00000616016.5	.	+	ENSG00000187634.13
chr1	866397	866564	EH38D4327650	EH38E2776580	dELS	chr1	923923	923923	ENST00000618323.5	.	+	ENSG00000187634.13
chr1	866813	867163	EH38F0000012	EH38E3951329	TF	chr1	923923	923923	ENST00000616016.5	.	+	ENSG00000187634.13
chr1	866813	867163	EH38F0000012	EH38E3951329	TF	chr1	923923	923923	ENST00000618323.5	.	+	ENSG00000187634.13
chr1	867581	867833	EH38D4327651	EH38E3951330	CA	chr1	923923	923923	ENST00000616016.5	.	+	ENSG00000187634.13
chr1	867581	867833	EH38D4327651	EH38E3951330	CA	chr1	923923	923923	ENST00000618323.5	.	+	ENSG00000187634.13
chr1	869719	870066	EH38D4327653	EH38E2776581	CA-H3K4me3	chr1	923923	923923	ENST00000616016.5	.	+	ENSG00000187634.13
chr1	869719	870066	EH38D4327653	EH38E2776581	CA-H3K4me3	chr1	923923	923923	ENST00000618323.5	.	+	ENSG00000187634.13
chr1	870121	870449	EH38D2115380	EH38E1310196	PLS	chr1	923923	923923	ENST00000616016.5	.	+	ENSG00000187634.13
chr1	870121	870449	EH38D2115380	EH38E1310196	PLS	chr1	923923	923923	ENST00000618323.5	.	+	ENSG00000187634.13
chr1	873082	873267	EH38D4327654	EH38E3951331	CA-CTCF	chr1	923923	923923	ENST00000616016.5	.	+	ENSG00000187634.13
chr1	873082	873267	EH38D4327654	EH38E3951331	CA-CTCF	chr1	923923	923923	ENST00000618323.5	.	+	ENSG00000187634.13
chr1	874186	874411	EH38D6144740	EH38E3951332	CA	chr1	923923	923923	ENST00000616016.5	.	+	ENSG00000187634.13
chr1	874186	874411	EH38D6144740	EH38E3951332	CA	chr1	923923	923923	ENST00000618323.5	.	+	ENSG00000187634.13
chr1	875730	875951	EH38D4327657	EH38E2776582	pELS	chr1	923923	923923	ENST00000616016.5	.	+	ENSG00000187634.13
chr1	875730	875951	EH38D4327657	EH38E2776582	pELS	chr1	923923	923923	ENST00000618323.5	.	+	ENSG00000187634.13
chr1	876437	876764	EH38D4327659	EH38E2776583	pELS	chr1	923923	923923	ENST00000616016.5	.	+	ENSG00000187634.13
chr1	876437	876764	EH38D4327659	EH38E2776583	pELS	chr1	923923	923923	ENST00000618323.5	.	+	ENSG00000187634.13
chr1	876865	877143	EH38D2115385	EH38E2776584	pELS	chr1	923923	923923	ENST00000616016.5	.	+	ENSG00000187634.13
chr1	876865	877143	EH38D2115385	EH38E2776584	pELS	chr1	923923	923923	ENST00000618323.5	.	+	ENSG00000187634.13
chr1	877193	877541	EH38D4327660	EH38E2776585	pELS	chr1	923923	923923	ENST00000616016.5	.	+	ENSG00000187634.13
chr1	877193	877541	EH38D4327660	EH38E2776585	pELS	chr1	923923	923923	ENST00000618323.5	.	+	ENSG00000187634.13
chr1	880905	881255	EH38F0000013	EH38E3951333	TF	chr1	923923	923923	ENST00000616016.5	.	+	ENSG00000187634.13
chr1	880905	881255	EH38F0000013	EH38E3951333	TF	chr1	923923	923923	ENST00000618323.5	.	+	ENSG00000187634.13
chr1	882088	882434	EH38D4327663	EH38E2776587	dELS	chr1	923923	923923	ENST00000616016.5	.	+	ENSG00000187634.13
chr1	882088	882434	EH38D4327663	EH38E2776587	dELS	chr1	923923	923923	ENST00000618323.5	.	+	ENSG00000187634.13
chr1	886431	886624	EH38D2115389	EH38E1310199	CA-H3K4me3	chr1	923923	923923	ENST00000616016.5	.	+	ENSG00000187634.13
chr1	886431	886624	EH38D2115389	EH38E1310199	CA-H3K4me3	chr1	923923	923923	ENST00000618323.5	.	+	ENSG00000187634.13
chr1	888301	888651	EH38F0000014	EH38E3951334	TF	chr1	923923	923923	ENST00000616016.5	.	+	ENSG00000187634.13
chr1	888301	888651	EH38F0000014	EH38E3951334	TF	chr1	923923	923923	ENST00000618323.5	.	+	ENSG00000187634.13
chr1	889757	890107	EH38D2115391	EH38E3951335	dELS	chr1	923923	923923	ENST00000616016.5	.	+	ENSG00000187634.13
chr1	889757	890107	EH38D2115391	EH38E3951335	dELS	chr1	923923	923923	ENST00000618323.5	.	+	ENSG00000187634.13
chr1	890488	890728	EH38D4327667	EH38E2776588	dELS	chr1	923923	923923	ENST00000616016.5	.	+	ENSG00000187634.13
chr1	890488	890728	EH38D4327667	EH38E2776588	dELS	chr1	923923	923923	ENST00000618323.5	.	+	ENSG00000187634.13
chr1	890837	891091	EH38D2115393	EH38E1310200	dELS	chr1	923923	923923	ENST00000616016.5	.	+	ENSG00000187634.13
chr1	890837	891091	EH38D2115393	EH38E1310200	dELS	chr1	923923	923923	ENST00000618323.5	.	+	ENSG00000187634.13
chr1	892222	892494	EH38D6144741	EH38E3951336	TF	chr1	923923	923923	ENST00000616016.5	.	+	ENSG00000187634.13
chr1	892222	892494	EH38D6144741	EH38E3951336	TF	chr1	923923	923923	ENST00000618323.5	.	+	ENSG00000187634.13
chr1	897287	897612	EH38D4327670	EH38E2776590	CA-H3K4me3	chr1	923923	923923	ENST00000616016.5	.	+	ENSG00000187634.13
chr1	897287	897612	EH38D4327670	EH38E2776590	CA-H3K4me3	chr1	923923	923923	ENST00000618323.5	.	+	ENSG00000187634.13
chr1	898459	898660	EH38D4327672	EH38E2776591	dELS	chr1	923923	923923	ENST00000616016.5	.	+	ENSG00000187634.13
chr1	898459	898660	EH38D4327672	EH38E2776591	dELS	chr1	923923	923923	ENST00000618323.5	.	+	ENSG00000187634.13
chr1	898790	899042	EH38D4327673	EH38E2776592	dELS	chr1	923923	923923	ENST00000616016.5	.	+	ENSG00000187634.13
chr1	898790	899042	EH38D4327673	EH38E2776592	dELS	chr1	923923	923923	ENST00000618323.5	.	+	ENSG00000187634.13
chr1	902079	902363	EH38D6144748	EH38E3951337	CA-H3K4me3	chr1	923923	923923	ENST00000616016.5	.	+	ENSG00000187634.13
chr1	902079	902363	EH38D6144748	EH38E3951337	CA-H3K4me3	chr1	923923	923923	ENST00000618323.5	.	+	ENSG00000187634.13
chr1	902619	902770	EH38D6144750	EH38E3951338	CA-H3K4me3	chr1	923923	923923	ENST00000616016.5	.	+	ENSG00000187634.13
chr1	902619	902770	EH38D6144750	EH38E3951338	CA-H3K4me3	chr1	923923	923923	ENST00000618323.5	.	+	ENSG00000187634.13
chr1	902787	903136	EH38D4327685	EH38E2776593	CA-H3K4me3	chr1	923923	923923	ENST00000616016.5	.	+	ENSG00000187634.13
chr1	902787	903136	EH38D4327685	EH38E2776593	CA-H3K4me3	chr1	923923	923923	ENST00000618323.5	.	+	ENSG00000187634.13
chr1	903439	903614	EH38D4327687	EH38E2776594	pELS	chr1	923923	923923	ENST00000616016.5	.	+	ENSG00000187634.13
chr1	903439	903614	EH38D4327687	EH38E2776594	pELS	chr1	923923	923923	ENST00000618323.5	.	+	ENSG00000187634.13
chr1	903847	904196	EH38D4327689	EH38E2776595	pELS	chr1	923923	923923	ENST00000616016.5	.	+	ENSG00000187634.13
chr1	903847	904196	EH38D4327689	EH38E2776595	pELS	chr1	923923	923923	ENST00000618323.5	.	+	ENSG00000187634.13
chr1	904230	904531	EH38D4327690	EH38E2776596	pELS	chr1	923923	923923	ENST00000616016.5	.	+	ENSG00000187634.13
chr1	904230	904531	EH38D4327690	EH38E2776596	pELS	chr1	923923	923923	ENST00000618323.5	.	+	ENSG00000187634.13
chr1	904579	904919	EH38D4327691	EH38E2776597	PLS	chr1	923923	923923	ENST00000616016.5	.	+	ENSG00000187634.13
chr1	904579	904919	EH38D4327691	EH38E2776597	PLS	chr1	923923	923923	ENST00000618323.5	.	+	ENSG00000187634.13
chr1	905008	905214	EH38D4327692	EH38E2776598	pELS	chr1	923923	923923	ENST00000616016.5	.	+	ENSG00000187634.13
chr1	905008	905214	EH38D4327692	EH38E2776598	pELS	chr1	923923	923923	ENST00000618323.5	.	+	ENSG00000187634.13
chr1	905239	905582	EH38D4327693	EH38E2776599	pELS	chr1	923923	923923	ENST00000616016.5	.	+	ENSG00000187634.13
chr1	905239	905582	EH38D4327693	EH38E2776599	pELS	chr1	923923	923923	ENST00000618323.5	.	+	ENSG00000187634.13
chr1	905591	905792	EH38D4327694	EH38E2776600	pELS	chr1	923923	923923	ENST00000616016.5	.	+	ENSG00000187634.13
chr1	905591	905792	EH38D4327694	EH38E2776600	pELS	chr1	923923	923923	ENST00000618323.5	.	+	ENSG00000187634.13
chr1	905957	906216	EH38D4327695	EH38E2776601	pELS	chr1	923923	923923	ENST00000616016.5	.	+	ENSG00000187634.13
chr1	905957	906216	EH38D4327695	EH38E2776601	pELS	chr1	923923	923923	ENST00000618323.5	.	+	ENSG00000187634.13
chr1	906366	906567	EH38D4327696	EH38E2776602	pELS	chr1	923923	923923	ENST00000616016.5	.	+	ENSG00000187634.13
chr1	906366	906567	EH38D4327696	EH38E2776602	pELS	chr1	923923	923923	ENST00000618323.5	.	+	ENSG00000187634.13
chr1	906737	907075	EH38D4327697	EH38E2776603	dELS	chr1	923923	923923	ENST00000616016.5	.	+	ENSG00000187634.13
chr1	906737	907075	EH38D4327697	EH38E2776603	dELS	chr1	923923	923923	ENST00000618323.5	.	+	ENSG00000187634.13
chr1	907159	907390	EH38D4327698	EH38E2776604	dELS	chr1	923923	923923	ENST00000616016.5	.	+	ENSG00000187634.13
chr1	907159	907390	EH38D4327698	EH38E2776604	dELS	chr1	923923	923923	ENST00000618323.5	.	+	ENSG00000187634.13
chr1	907588	907864	EH38D4327699	EH38E2776605	dELS	chr1	923923	923923	ENST00000616016.5	.	+	ENSG00000187634.13
chr1	907588	907864	EH38D4327699	EH38E2776605	dELS	chr1	923923	923923	ENST00000618323.5	.	+	ENSG00000187634.13
chr1	907939	908140	EH38D4327700	EH38E2776606	dELS	chr1	923923	923923	ENST00000616016.5	.	+	ENSG00000187634.13
chr1	907939	908140	EH38D4327700	EH38E2776606	dELS	chr1	923923	923923	ENST00000618323.5	.	+	ENSG00000187634.13
chr1	908172	908355	EH38D4327701	EH38E2776607	dELS	chr1	923923	923923	ENST00000616016.5	.	+	ENSG00000187634.13
chr1	908172	908355	EH38D4327701	EH38E2776607	dELS	chr1	923923	923923	ENST00000618323.5	.	+	ENSG00000187634.13
chr1	908596	908798	EH38D4327702	EH38E3951339	CA	chr1	923923	923923	ENST00000616016.5	.	+	ENSG00000187634.13
chr1	908596	908798	EH38D4327702	EH38E3951339	CA	chr1	923923	923923	ENST00000618323.5	.	+	ENSG00000187634.13
chr1	908815	909013	EH38D4327703	EH38E3951340	CA	chr1	923923	923923	ENST00000616016.5	.	+	ENSG00000187634.13
chr1	908815	909013	EH38D4327703	EH38E3951340	CA	chr1	923923	923923	ENST00000618323.5	.	+	ENSG00000187634.13
chr1	909998	910345	EH38D4327705	EH38E2776608	pELS	chr1	923923	923923	ENST00000616016.5	.	+	ENSG00000187634.13
chr1	909998	910345	EH38D4327705	EH38E2776608	pELS	chr1	923923	923923	ENST00000618323.5	.	+	ENSG00000187634.13
chr1	910346	910514	EH38D4327706	EH38E2776609	pELS	chr1	923923	923923	ENST00000616016.5	.	+	ENSG00000187634.13
chr1	910346	910514	EH38D4327706	EH38E2776609	pELS	chr1	923923	923923	ENST00000618323.5	.	+	ENSG00000187634.13
chr1	910643	910968	EH38D2115422	EH38E1310217	pELS	chr1	923923	923923	ENST00000616016.5	.	+	ENSG00000187634.13
chr1	910643	910968	EH38D2115422	EH38E1310217	pELS	chr1	923923	923923	ENST00000618323.5	.	+	ENSG00000187634.13
chr1	910982	911139	EH38D4327707	EH38E2776610	pELS	chr1	923923	923923	ENST00000616016.5	.	+	ENSG00000187634.13
chr1	910982	911139	EH38D4327707	EH38E2776610	pELS	chr1	923923	923923	ENST00000618323.5	.	+	ENSG00000187634.13
chr1	911150	911460	EH38D4327708	EH38E2776611	PLS	chr1	923923	923923	ENST00000616016.5	.	+	ENSG00000187634.13
chr1	911150	911460	EH38D4327708	EH38E2776611	PLS	chr1	923923	923923	ENST00000618323.5	.	+	ENSG00000187634.13
chr1	911568	911769	EH38D4327709	EH38E2776612	pELS	chr1	923923	923923	ENST00000616016.5	.	+	ENSG00000187634.13
chr1	911568	911769	EH38D4327709	EH38E2776612	pELS	chr1	923923	923923	ENST00000618323.5	.	+	ENSG00000187634.13
chr1	911952	912145	EH38D6144753	EH38E3951341	pELS	chr1	923923	923923	ENST00000616016.5	.	+	ENSG00000187634.13
chr1	911952	912145	EH38D6144753	EH38E3951341	pELS	chr1	923923	923923	ENST00000618323.5	.	+	ENSG00000187634.13
chr1	912147	912487	EH38D4327711	EH38E2776613	pELS	chr1	923923	923923	ENST00000616016.5	.	+	ENSG00000187634.13
chr1	912147	912487	EH38D4327711	EH38E2776613	pELS	chr1	923923	923923	ENST00000618323.5	.	+	ENSG00000187634.13
chr1	912719	913056	EH38D2115426	EH38E1310221	pELS	chr1	923923	923923	ENST00000616016.5	.	+	ENSG00000187634.13
chr1	912719	913056	EH38D2115426	EH38E1310221	pELS	chr1	923923	923923	ENST00000618323.5	.	+	ENSG00000187634.13
chr1	913065	913337	EH38D4327712	EH38E2776614	pELS	chr1	923923	923923	ENST00000616016.5	.	+	ENSG00000187634.13
chr1	913065	913337	EH38D4327712	EH38E2776614	pELS	chr1	923923	923923	ENST00000618323.5	.	+	ENSG00000187634.13
chr1	913425	913631	EH38D4327713	EH38E2776615	pELS	chr1	923923	923923	ENST00000616016.5	.	+	ENSG00000187634.13
chr1	913425	913631	EH38D4327713	EH38E2776615	pELS	chr1	923923	923923	ENST00000618323.5	.	+	ENSG00000187634.13
chr1	913770	914023	EH38D4327714	EH38E2776616	pELS	chr1	923923	923923	ENST00000616016.5	.	+	ENSG00000187634.13
chr1	913770	914023	EH38D4327714	EH38E2776616	pELS	chr1	923923	923923	ENST00000618323.5	.	+	ENSG00000187634.13
chr1	914076	914306	EH38D4327715	EH38E2776617	PLS	chr1	923923	923923	ENST00000616016.5	.	+	ENSG00000187634.13
chr1	914076	914306	EH38D4327715	EH38E2776617	PLS	chr1	923923	923923	ENST00000618323.5	.	+	ENSG00000187634.13
chr1	914344	914498	EH38D6144754	EH38E3951342	pELS	chr1	923923	923923	ENST00000616016.5	.	+	ENSG00000187634.13
chr1	914344	914498	EH38D6144754	EH38E3951342	pELS	chr1	923923	923923	ENST00000618323.5	.	+	ENSG00000187634.13
chr1	914990	915327	EH38D4327718	EH38E2776619	pELS	chr1	923923	923923	ENST00000616016.5	.	+	ENSG00000187634.13
chr1	914990	915327	EH38D4327718	EH38E2776619	pELS	chr1	923923	923923	ENST00000618323.5	.	+	ENSG00000187634.13
chr1	915474	915779	EH38D2115432	EH38E1310224	pELS	chr1	923923	923923	ENST00000616016.5	.	+	ENSG00000187634.13
chr1	915474	915779	EH38D2115432	EH38E1310224	pELS	chr1	923923	923923	ENST00000618323.5	.	+	ENSG00000187634.13
chr1	915796	915954	EH38D4327719	EH38E2776620	pELS	chr1	923923	923923	ENST00000616016.5	.	+	ENSG00000187634.13
chr1	915796	915954	EH38D4327719	EH38E2776620	pELS	chr1	923923	923923	ENST00000618323.5	.	+	ENSG00000187634.13
chr1	916159	916377	EH38D4327720	EH38E2776621	dELS	chr1	923923	923923	ENST00000616016.5	.	+	ENSG00000187634.13
chr1	916159	916377	EH38D4327720	EH38E2776621	dELS	chr1	923923	923923	ENST00000618323.5	.	+	ENSG00000187634.13
chr1	916536	916886	EH38D4327721	EH38E2776622	dELS	chr1	923923	923923	ENST00000616016.5	.	+	ENSG00000187634.13
chr1	916536	916886	EH38D4327721	EH38E2776622	dELS	chr1	923923	923923	ENST00000618323.5	.	+	ENSG00000187634.13
chr1	916899	917101	EH38D4327722	EH38E2776623	dELS	chr1	923923	923923	ENST00000616016.5	.	+	ENSG00000187634.13
chr1	916899	917101	EH38D4327722	EH38E2776623	dELS	chr1	923923	923923	ENST00000618323.5	.	+	ENSG00000187634.13
chr1	917217	917408	EH38D4327723	EH38E2776624	dELS	chr1	923923	923923	ENST00000616016.5	.	+	ENSG00000187634.13
chr1	917217	917408	EH38D4327723	EH38E2776624	dELS	chr1	923923	923923	ENST00000618323.5	.	+	ENSG00000187634.13
chr1	917558	917879	EH38D2115436	EH38E1310228	pELS	chr1	923923	923923	ENST00000616016.5	.	+	ENSG00000187634.13
chr1	917558	917879	EH38D2115436	EH38E1310228	pELS	chr1	923923	923923	ENST00000618323.5	.	+	ENSG00000187634.13
chr1	917898	918071	EH38D4327724	EH38E2776625	pELS	chr1	923923	923923	ENST00000616016.5	.	+	ENSG00000187634.13
chr1	917898	918071	EH38D4327724	EH38E2776625	pELS	chr1	923923	923923	ENST00000618323.5	.	+	ENSG00000187634.13
chr1	918085	918306	EH38D4327725	EH38E2776626	pELS	chr1	923923	923923	ENST00000616016.5	.	+	ENSG00000187634.13
chr1	918085	918306	EH38D4327725	EH38E2776626	pELS	chr1	923923	923923	ENST00000618323.5	.	+	ENSG00000187634.13
chr1	918326	918636	EH38D4327726	EH38E2776627	pELS	chr1	923923	923923	ENST00000616016.5	.	+	ENSG00000187634.13
chr1	918326	918636	EH38D4327726	EH38E2776627	pELS	chr1	923923	923923	ENST00000618323.5	.	+	ENSG00000187634.13
chr1	918746	918953	EH38D2115439	EH38E1310230	pELS	chr1	923923	923923	ENST00000616016.5	.	+	ENSG00000187634.13
chr1	918746	918953	EH38D2115439	EH38E1310230	pELS	chr1	923923	923923	ENST00000618323.5	.	+	ENSG00000187634.13
chr1	918985	919161	EH38D6144756	EH38E3951343	pELS	chr1	923923	923923	ENST00000616016.5	.	+	ENSG00000187634.13
chr1	918985	919161	EH38D6144756	EH38E3951343	pELS	chr1	923923	923923	ENST00000618323.5	.	+	ENSG00000187634.13
chr1	919379	919725	EH38D4327728	EH38E2776629	PLS	chr1	923923	923923	ENST00000616016.5	.	+	ENSG00000187634.13
chr1	919379	919725	EH38D4327728	EH38E2776629	PLS	chr1	923923	923923	ENST00000618323.5	.	+	ENSG00000187634.13
chr1	919795	920101	EH38D4327729	EH38E2776630	pELS	chr1	923923	923923	ENST00000616016.5	.	+	ENSG00000187634.13
chr1	919795	920101	EH38D4327729	EH38E2776630	pELS	chr1	923923	923923	ENST00000618323.5	.	+	ENSG00000187634.13
chr1	920166	920407	EH38D2115443	EH38E1310234	pELS	chr1	923923	923923	ENST00000616016.5	.	+	ENSG00000187634.13
chr1	920166	920407	EH38D2115443	EH38E1310234	pELS	chr1	923923	923923	ENST00000618323.5	.	+	ENSG00000187634.13
chr1	920575	920925	EH38D4327730	EH38E2776631	pELS	chr1	923923	923923	ENST00000616016.5	.	+	ENSG00000187634.13
chr1	920575	920925	EH38D4327730	EH38E2776631	pELS	chr1	923923	923923	ENST00000618323.5	.	+	ENSG00000187634.13
chr1	921185	921361	EH38D4327731	EH38E2776632	pELS	chr1	923923	923923	ENST00000616016.5	.	+	ENSG00000187634.13
chr1	921185	921361	EH38D4327731	EH38E2776632	pELS	chr1	923923	923923	ENST00000618323.5	.	+	ENSG00000187634.13
chr1	921480	921642	EH38D4327732	EH38E2776633	pELS	chr1	923923	923923	ENST00000616016.5	.	+	ENSG00000187634.13
chr1	921480	921642	EH38D4327732	EH38E2776633	pELS	chr1	923923	923923	ENST00000618323.5	.	+	ENSG00000187634.13
chr1	921772	921981	EH38D4327733	EH38E2776634	dELS	chr1	923923	923923	ENST00000616016.5	.	+	ENSG00000187634.13
chr1	921772	921981	EH38D4327733	EH38E2776634	dELS	chr1	923923	923923	ENST00000618323.5	.	+	ENSG00000187634.13
chr1	922061	922318	EH38D4327734	EH38E2776635	pELS	chr1	923923	923923	ENST00000616016.5	.	+	ENSG00000187634.13
chr1	922061	922318	EH38D4327734	EH38E2776635	pELS	chr1	923923	923923	ENST00000618323.5	.	+	ENSG00000187634.13
chr1	922637	922898	EH38D4327735	EH38E2776636	pELS	chr1	923923	923923	ENST00000616016.5	.	+	ENSG00000187634.13
chr1	922637	922898	EH38D4327735	EH38E2776636	pELS	chr1	923923	923923	ENST00000618323.5	.	+	ENSG00000187634.13
chr1	923132	923295	EH38D4327736	EH38E2776637	pELS	chr1	923923	923923	ENST00000616016.5	.	+	ENSG00000187634.13
chr1	923132	923295	EH38D4327736	EH38E2776637	pELS	chr1	923923	923923	ENST00000618323.5	.	+	ENSG00000187634.13
chr1	923369	923611	EH38D4327737	EH38E2776638	pELS	chr1	923923	923923	ENST00000616016.5	.	+	ENSG00000187634.13
chr1	923369	923611	EH38D4327737	EH38E2776638	pELS	chr1	923923	923923	ENST00000618323.5	.	+	ENSG00000187634.13
chr1	923720	924070	EH38D4327738	EH38E2776639	PLS	chr1	923923	923923	ENST00000616016.5	.	+	ENSG00000187634.13
chr1	923720	924070	EH38D4327738	EH38E2776639	PLS	chr1	923923	923923	ENST00000618323.5	.	+	ENSG00000187634.13
chr1	924240	924397	EH38D4327739	EH38E2776640	pELS	chr1	923923	923923	ENST00000616016.5	.	+	ENSG00000187634.13
chr1	924240	924397	EH38D4327739	EH38E2776640	pELS	chr1	923923	923923	ENST00000618323.5	.	+	ENSG00000187634.13
chr1	924468	924673	EH38D4327740	EH38E2776641	pELS	chr1	923923	923923	ENST00000616016.5	.	+	ENSG00000187634.13
chr1	924468	924673	EH38D4327740	EH38E2776641	pELS	chr1	923923	923923	ENST00000618323.5	.	+	ENSG00000187634.13
chr1	924803	925096	EH38D4327741	EH38E2776642	pELS	chr1	925731	925731	ENST00000342066.8	.	+	ENSG00000187634.13
chr1	925109	925299	EH38D4327742	EH38E2776643	pELS	chr1	925731	925731	ENST00000342066.8	.	+	ENSG00000187634.13
chr1	925513	925851	EH38D4327743	EH38E2776644	PLS	chr1	925731	925731	ENST00000342066.8	.	+	ENSG00000187634.13
chr1	925885	926147	EH38D4327744	EH38E2776645	pELS	chr1	925731	925731	ENST00000342066.8	.	+	ENSG00000187634.13
chr1	926231	926502	EH38D4327745	EH38E2776646	pELS	chr1	925731	925731	ENST00000342066.8	.	+	ENSG00000187634.13
chr1	926554	926755	EH38D4327746	EH38E2776647	pELS	chr1	925731	925731	ENST00000342066.8	.	+	ENSG00000187634.13
chr1	926878	927065	EH38D4327747	EH38E2776648	pELS	chr1	925731	925731	ENST00000342066.8	.	+	ENSG00000187634.13
chr1	927261	927499	EH38D4327748	EH38E2776649	pELS	chr1	925731	925731	ENST00000342066.8	.	+	ENSG00000187634.13
chr1	927827	928113	EH38D4327749	EH38E2776650	dELS	chr1	925731	925731	ENST00000342066.8	.	+	ENSG00000187634.13
chr1	928483	928832	EH38D4327750	EH38E2776651	dELS	chr1	925731	925731	ENST00000342066.8	.	+	ENSG00000187634.13
chr1	928961	929117	EH38D2115462	EH38E1310251	dELS	chr1	925731	925731	ENST00000342066.8	.	+	ENSG00000187634.13
chr1	929123	929304	EH38D4327751	EH38E2776652	dELS	chr1	925731	925731	ENST00000342066.8	.	+	ENSG00000187634.13
chr1	929319	929627	EH38D4327752	EH38E2776653	CA-H3K4me3	chr1	925731	925731	ENST00000342066.8	.	+	ENSG00000187634.13
chr1	929697	930016	EH38D4327753	EH38E3951344	CA-TF	chr1	925731	925731	ENST00000342066.8	.	+	ENSG00000187634.13
chr1	930110	930334	EH38D4327754	EH38E3951345	dELS	chr1	925731	925731	ENST00000342066.8	.	+	ENSG00000187634.13
chr1	930469	930707	EH38D4327755	EH38E2776654	dELS	chr1	925731	925731	ENST00000342066.8	.	+	ENSG00000187634.13
chr1	930734	931023	EH38D4327756	EH38E2776655	dELS	chr1	925731	925731	ENST00000342066.8	.	+	ENSG00000187634.13
chr1	931576	931807	EH38D2115464	EH38E1310253	dELS	chr1	925731	925731	ENST00000342066.8	.	+	ENSG00000187634.13
chr1	931826	932076	EH38D4327757	EH38E2776656	dELS	chr1	925731	925731	ENST00000342066.8	.	+	ENSG00000187634.13
chr1	932203	932508	EH38D4327758	EH38E2776657	dELS	chr1	925731	925731	ENST00000342066.8	.	+	ENSG00000187634.13
chr1	932540	932829	EH38D4327759	EH38E2776658	dELS	chr1	925731	925731	ENST00000342066.8	.	+	ENSG00000187634.13
chr1	932850	933051	EH38D4327760	EH38E2776659	dELS	chr1	925731	925731	ENST00000342066.8	.	+	ENSG00000187634.13
chr1	933101	933436	EH38D4327761	EH38E2776660	dELS	chr1	925731	925731	ENST00000342066.8	.	+	ENSG00000187634.13
chr1	933549	933888	EH38D4327762	EH38E2776661	dELS	chr1	925731	925731	ENST00000342066.8	.	+	ENSG00000187634.13
chr1	934961	935118	EH38D4327763	EH38E2776662	dELS	chr1	925731	925731	ENST00000342066.8	.	+	ENSG00000187634.13
chr1	935362	935577	EH38D4327764	EH38E2776663	dELS	chr1	925731	925731	ENST00000342066.8	.	+	ENSG00000187634.13
chr1	935831	936173	EH38D4327765	EH38E2776664	dELS	chr1	925731	925731	ENST00000342066.8	.	+	ENSG00000187634.13
chr1	936378	936653	EH38D4327766	EH38E2776665	dELS	chr1	925731	925731	ENST00000342066.8	.	+	ENSG00000187634.13
chr1	936725	936970	EH38D4327767	EH38E2776666	dELS	chr1	925731	925731	ENST00000342066.8	.	+	ENSG00000187634.13
chr1	936990	937337	EH38D4327768	EH38E2776667	dELS	chr1	925731	925731	ENST00000342066.8	.	+	ENSG00000187634.13
chr1	937527	937858	EH38D4327769	EH38E2776668	dELS	chr1	925731	925731	ENST00000342066.8	.	+	ENSG00000187634.13
chr1	938132	938393	EH38D4327770	EH38E2776669	dELS	chr1	925731	925731	ENST00000342066.8	.	+	ENSG00000187634.13
chr1	938403	938750	EH38D4327771	EH38E2776670	dELS	chr1	925731	925731	ENST00000342066.8	.	+	ENSG00000187634.13
chr1	938790	938981	EH38D4327772	EH38E2776671	dELS	chr1	925731	925731	ENST00000342066.8	.	+	ENSG00000187634.13
chr1	939140	939401	EH38D4327773	EH38E2776672	dELS	chr1	925731	925731	ENST00000342066.8	.	+	ENSG00000187634.13
chr1	939477	939682	EH38D4327774	EH38E2776673	dELS	chr1	925731	925731	ENST00000342066.8	.	+	ENSG00000187634.13
chr1	939721	939997	EH38D4327775	EH38E2776674	dELS	chr1	925731	925731	ENST00000342066.8	.	+	ENSG00000187634.13
chr1	940166	940514	EH38D4327776	EH38E2776675	dELS	chr1	925731	925731	ENST00000342066.8	.	+	ENSG00000187634.13
chr1	940794	941033	EH38D4327777	EH38E2776676	dELS	chr1	925731	925731	ENST00000342066.8	.	+	ENSG00000187634.13
chr1	941181	941341	EH38D6144757	EH38E3951346	dELS	chr1	925731	925731	ENST00000342066.8	.	+	ENSG00000187634.13
chr1	941384	941557	EH38D6144758	EH38E3951347	dELS	chr1	925731	925731	ENST00000342066.8	.	+	ENSG00000187634.13
chr1	941698	942032	EH38D4327779	EH38E2776678	dELS	chr1	925731	925731	ENST00000342066.8	.	+	ENSG00000187634.13
chr1	942204	942409	EH38D4327780	EH38E2776679	dELS	chr1	925731	925731	ENST00000342066.8	.	+	ENSG00000187634.13
chr1	942449	942745	EH38D4327781	EH38E2776680	dELS	chr1	959256	959256	ENST00000327044.7	.	-	ENSG00000188976.11
chr1	942805	943015	EH38D4327782	EH38E2776681	dELS	chr1	959256	959256	ENST00000327044.7	.	-	ENSG00000188976.11
chr1	943123	943473	EH38D4327783	EH38E2776682	dELS	chr1	959256	959256	ENST00000327044.7	.	-	ENSG00000188976.11
chr1	943509	943859	EH38D2115494	EH38E1310282	dELS	chr1	959256	959256	ENST00000327044.7	.	-	ENSG00000188976.11
chr1	943992	944208	EH38D4327784	EH38E2776683	dELS	chr1	959256	959256	ENST00000327044.7	.	-	ENSG00000188976.11
chr1	944392	944734	EH38D2115497	EH38E1310285	dELS	chr1	959256	959256	ENST00000327044.7	.	-	ENSG00000188976.11
chr1	944916	945076	EH38D4327785	EH38E2776684	dELS	chr1	959256	959256	ENST00000327044.7	.	-	ENSG00000188976.11
chr1	945196	945422	EH38D2115499	EH38E1310287	dELS	chr1	959256	959256	ENST00000327044.7	.	-	ENSG00000188976.11
chr1	945556	945766	EH38D2115500	EH38E1310288	dELS	chr1	959256	959256	ENST00000327044.7	.	-	ENSG00000188976.11
chr1	945909	946258	EH38D4327786	EH38E2776685	dELS	chr1	959256	959256	ENST00000327044.7	.	-	ENSG00000188976.11
chr1	946357	946554	EH38D2115502	EH38E1310290	dELS	chr1	959256	959256	ENST00000327044.7	.	-	ENSG00000188976.11
chr1	946868	947097	EH38F0072973	EH38E3951348	TF	chr1	959256	959256	ENST00000327044.7	.	-	ENSG00000188976.11
chr1	947289	947591	EH38D4327787	EH38E2776686	dELS	chr1	959256	959256	ENST00000327044.7	.	-	ENSG00000188976.11
chr1	947925	948273	EH38D4327788	EH38E2776687	CA-H3K4me3	chr1	959256	959256	ENST00000327044.7	.	-	ENSG00000188976.11
chr1	948340	948508	EH38D4327789	EH38E2776688	CA-H3K4me3	chr1	959256	959256	ENST00000327044.7	.	-	ENSG00000188976.11
chr1	948613	948874	EH38D4327790	EH38E3951349	CA	chr1	959256	959256	ENST00000327044.7	.	-	ENSG00000188976.11
chr1	950347	950697	EH38F0000015	EH38E3951350	CA-H3K4me3	chr1	959256	959256	ENST00000327044.7	.	-	ENSG00000188976.11
chr1	950938	951233	EH38D4327793	EH38E2776689	CA-H3K4me3	chr1	959256	959256	ENST00000327044.7	.	-	ENSG00000188976.11
chr1	951430	951720	EH38D4327794	EH38E2776690	CA-H3K4me3	chr1	959256	959256	ENST00000327044.7	.	-	ENSG00000188976.11
chr1	951721	951974	EH38D4327795	EH38E2776691	CA-H3K4me3	chr1	959256	959256	ENST00000327044.7	.	-	ENSG00000188976.11
chr1	952248	952587	EH38D4327796	EH38E2776692	dELS	chr1	959256	959256	ENST00000327044.7	.	-	ENSG00000188976.11
chr1	952691	952849	EH38D4327797	EH38E3951351	CA-H3K4me3	chr1	959256	959256	ENST00000327044.7	.	-	ENSG00000188976.11
chr1	953366	953645	EH38D6144759	EH38E3951352	CA-H3K4me3	chr1	959256	959256	ENST00000327044.7	.	-	ENSG00000188976.11
chr1	953691	953993	EH38D4327798	EH38E2776693	dELS	chr1	959256	959256	ENST00000327044.7	.	-	ENSG00000188976.11
chr1	954034	954198	EH38D4327799	EH38E2776694	dELS	chr1	959256	959256	ENST00000327044.7	.	-	ENSG00000188976.11
chr1	954929	955271	EH38D4327800	EH38E2776695	dELS	chr1	959256	959256	ENST00000327044.7	.	-	ENSG00000188976.11
chr1	955588	955798	EH38D4327801	EH38E2776696	dELS	chr1	959256	959256	ENST00000327044.7	.	-	ENSG00000188976.11
chr1	956618	956965	EH38D6144760	EH38E3951353	dELS	chr1	959256	959256	ENST00000327044.7	.	-	ENSG00000188976.11
chr1	957348	957682	EH38D4327803	EH38E2776698	pELS	chr1	959256	959256	ENST00000327044.7	.	-	ENSG00000188976.11
chr1	958003	958256	EH38D4327804	EH38E2776699	pELS	chr1	959256	959256	ENST00000327044.7	.	-	ENSG00000188976.11
chr1	958768	958963	EH38D4327805	EH38E2776700	pELS	chr1	959256	959256	ENST00000327044.7	.	-	ENSG00000188976.11
chr1	959150	959499	EH38D4327806	EH38E2776701	PLS	chr1	959256	959256	ENST00000327044.7	.	-	ENSG00000188976.11
chr1	959619	959780	EH38D4327807	EH38E2776702	pELS	chr1	959256	959256	ENST00000327044.7	.	-	ENSG00000188976.11
chr1	959865	960078	EH38D4327808	EH38E2776703	pELS	chr1	960584	960584	ENST00000338591.8	.	+	ENSG00000187961.15
chr1	960157	960351	EH38D4327809	EH38E2776704	pELS	chr1	960584	960584	ENST00000338591.8	.	+	ENSG00000187961.15
chr1	960416	960710	EH38D4327810	EH38E2776705	PLS	chr1	960584	960584	ENST00000338591.8	.	+	ENSG00000187961.15
chr1	960803	961061	EH38D4327811	EH38E2776706	pELS	chr1	960584	960584	ENST00000338591.8	.	+	ENSG00000187961.15
chr1	961177	961477	EH38D4327812	EH38E2776707	pELS	chr1	960584	960584	ENST00000338591.8	.	+	ENSG00000187961.15
chr1	961506	961847	EH38D6144761	EH38E3951354	pELS	chr1	960584	960584	ENST00000338591.8	.	+	ENSG00000187961.15
chr1	962362	962645	EH38D4327815	EH38E2776710	pELS	chr1	960584	960584	ENST00000338591.8	.	+	ENSG00000187961.15
chr1	962676	962935	EH38D4327816	EH38E2776711	dELS	chr1	960584	960584	ENST00000338591.8	.	+	ENSG00000187961.15
chr1	963016	963346	EH38D4327817	EH38E2776712	dELS	chr1	960584	960584	ENST00000338591.8	.	+	ENSG00000187961.15
chr1	963368	963523	EH38D4327818	EH38E2776713	dELS	chr1	960584	960584	ENST00000338591.8	.	+	ENSG00000187961.15
chr1	963852	964074	EH38D4327819	EH38E2776714	dELS	chr1	966482	966482	ENST00000379410.8	.	+	ENSG00000187583.11
chr1	964138	964485	EH38D4327820	EH38E2776715	dELS	chr1	966482	966482	ENST00000379410.8	.	+	ENSG00000187583.11
chr1	964755	964976	EH38D4327821	EH38E2776716	CA-H3K4me3	chr1	966482	966482	ENST00000379410.8	.	+	ENSG00000187583.11
chr1	965028	965237	EH38D4327822	EH38E2776717	pELS	chr1	966482	966482	ENST00000379410.8	.	+	ENSG00000187583.11
chr1	965270	965561	EH38D4327823	EH38E2776718	pELS	chr1	966482	966482	ENST00000379410.8	.	+	ENSG00000187583.11
chr1	965824	966083	EH38D4327824	EH38E2776719	pELS	chr1	966482	966482	ENST00000379410.8	.	+	ENSG00000187583.11
chr1	966095	966262	EH38D4327825	EH38E2776720	pELS	chr1	966482	966482	ENST00000379410.8	.	+	ENSG00000187583.11
chr1	966271	966615	EH38D4327826	EH38E2776721	PLS	chr1	966482	966482	ENST00000379410.8	.	+	ENSG00000187583.11
chr1	966271	966615	EH38D4327826	EH38E2776721	PLS	chr1	966502	966502	ENST00000379407.7	.	+	ENSG00000187583.11
chr1	966271	966615	EH38D4327826	EH38E2776721	PLS	chr1	966502	966502	ENST00000379409.6	.	+	ENSG00000187583.11
chr1	966649	966799	EH38D2115524	EH38E1310308	pELS	chr1	966502	966502	ENST00000379407.7	.	+	ENSG00000187583.11
chr1	966649	966799	EH38D2115524	EH38E1310308	pELS	chr1	966502	966502	ENST00000379409.6	.	+	ENSG00000187583.11
chr1	966828	967178	EH38D4327827	EH38E2776722	pELS	chr1	966502	966502	ENST00000379407.7	.	+	ENSG00000187583.11
chr1	966828	967178	EH38D4327827	EH38E2776722	pELS	chr1	966502	966502	ENST00000379409.6	.	+	ENSG00000187583.11
chr1	967184	967420	EH38D4327828	EH38E2776723	pELS	chr1	966502	966502	ENST00000379407.7	.	+	ENSG00000187583.11
chr1	967184	967420	EH38D4327828	EH38E2776723	pELS	chr1	966502	966502	ENST00000379409.6	.	+	ENSG00000187583.11
chr1	967433	967598	EH38D4327829	EH38E2776724	pELS	chr1	966502	966502	ENST00000379407.7	.	+	ENSG00000187583.11
chr1	967433	967598	EH38D4327829	EH38E2776724	pELS	chr1	966502	966502	ENST00000379409.6	.	+	ENSG00000187583.11
chr1	967663	967851	EH38D4327830	EH38E2776725	pELS	chr1	966502	966502	ENST00000379407.7	.	+	ENSG00000187583.11
chr1	967663	967851	EH38D4327830	EH38E2776725	pELS	chr1	966502	966502	ENST00000379409.6	.	+	ENSG00000187583.11
chr1	968055	968281	EH38D4327831	EH38E2776726	pELS	chr1	966502	966502	ENST00000379407.7	.	+	ENSG00000187583.11
chr1	968055	968281	EH38D4327831	EH38E2776726	pELS	chr1	966502	966502	ENST00000379409.6	.	+	ENSG00000187583.11
chr1	968754	969054	EH38D4327832	EH38E2776727	dELS	chr1	966502	966502	ENST00000379407.7	.	+	ENSG00000187583.11
chr1	968754	969054	EH38D4327832	EH38E2776727	dELS	chr1	966502	966502	ENST00000379409.6	.	+	ENSG00000187583.11
chr1	969339	969689	EH38F0000016	EH38E3951355	CA-TF	chr1	966502	966502	ENST00000379407.7	.	+	ENSG00000187583.11
chr1	969339	969689	EH38F0000016	EH38E3951355	CA-TF	chr1	966502	966502	ENST00000379409.6	.	+	ENSG00000187583.11
chr1	969698	969934	EH38D4327833	EH38E3951356	CA-CTCF	chr1	966502	966502	ENST00000379407.7	.	+	ENSG00000187583.11
chr1	969698	969934	EH38D4327833	EH38E3951356	CA-CTCF	chr1	966502	966502	ENST00000379409.6	.	+	ENSG00000187583.11
chr1	970473	970789	EH38D4327834	EH38E2776728	dELS	chr1	966502	966502	ENST00000379407.7	.	+	ENSG00000187583.11
chr1	970473	970789	EH38D4327834	EH38E2776728	dELS	chr1	966502	966502	ENST00000379409.6	.	+	ENSG00000187583.11
chr1	970809	971057	EH38D4327835	EH38E2776729	dELS	chr1	966502	966502	ENST00000379407.7	.	+	ENSG00000187583.11
chr1	970809	971057	EH38D4327835	EH38E2776729	dELS	chr1	966502	966502	ENST00000379409.6	.	+	ENSG00000187583.11
chr1	971074	971275	EH38D4327836	EH38E2776730	dELS	chr1	966502	966502	ENST00000379407.7	.	+	ENSG00000187583.11
chr1	971074	971275	EH38D4327836	EH38E2776730	dELS	chr1	966502	966502	ENST00000379409.6	.	+	ENSG00000187583.11
chr1	971280	971620	EH38D2115530	EH38E1310312	dELS	chr1	966502	966502	ENST00000379407.7	.	+	ENSG00000187583.11
chr1	971280	971620	EH38D2115530	EH38E1310312	dELS	chr1	966502	966502	ENST00000379409.6	.	+	ENSG00000187583.11
chr1	971818	972065	EH38D4327837	EH38E2776731	dELS	chr1	966502	966502	ENST00000379407.7	.	+	ENSG00000187583.11
chr1	971818	972065	EH38D4327837	EH38E2776731	dELS	chr1	966502	966502	ENST00000379409.6	.	+	ENSG00000187583.11
chr1	972113	972462	EH38D4327838	EH38E2776732	dELS	chr1	966502	966502	ENST00000379407.7	.	+	ENSG00000187583.11
chr1	972113	972462	EH38D4327838	EH38E2776732	dELS	chr1	966502	966502	ENST00000379409.6	.	+	ENSG00000187583.11
chr1	972511	972680	EH38D4327839	EH38E2776733	dELS	chr1	966502	966502	ENST00000379407.7	.	+	ENSG00000187583.11
chr1	972511	972680	EH38D4327839	EH38E2776733	dELS	chr1	966502	966502	ENST00000379409.6	.	+	ENSG00000187583.11
chr1	972864	973017	EH38D4327840	EH38E2776734	dELS	chr1	966502	966502	ENST00000379407.7	.	+	ENSG00000187583.11
chr1	972864	973017	EH38D4327840	EH38E2776734	dELS	chr1	966502	966502	ENST00000379409.6	.	+	ENSG00000187583.11
chr1	973149	973484	EH38D4327841	EH38E2776735	dELS	chr1	966502	966502	ENST00000379407.7	.	+	ENSG00000187583.11
chr1	973149	973484	EH38D4327841	EH38E2776735	dELS	chr1	966502	966502	ENST00000379409.6	.	+	ENSG00000187583.11
chr1	973570	973801	EH38D4327842	EH38E2776736	dELS	chr1	966502	966502	ENST00000379407.7	.	+	ENSG00000187583.11
chr1	973570	973801	EH38D4327842	EH38E2776736	dELS	chr1	966502	966502	ENST00000379409.6	.	+	ENSG00000187583.11
chr1	973844	974175	EH38D4327843	EH38E2776737	dELS	chr1	966502	966502	ENST00000379407.7	.	+	ENSG00000187583.11
chr1	973844	974175	EH38D4327843	EH38E2776737	dELS	chr1	966502	966502	ENST00000379409.6	.	+	ENSG00000187583.11
chr1	974192	974522	EH38D4327844	EH38E2776738	dELS	chr1	982093	982093	ENST00000341290.6	.	-	ENSG00000187642.10
chr1	974192	974522	EH38D4327844	EH38E2776738	dELS	chr1	982093	982093	ENST00000433179.4	.	-	ENSG00000187642.10
chr1	974759	975109	EH38D4327845	EH38E2776739	dELS	chr1	982093	982093	ENST00000341290.6	.	-	ENSG00000187642.10
chr1	974759	975109	EH38D4327845	EH38E2776739	dELS	chr1	982093	982093	ENST00000433179.4	.	-	ENSG00000187642.10
chr1	975264	975613	EH38D4327846	EH38E2776740	dELS	chr1	982093	982093	ENST00000341290.6	.	-	ENSG00000187642.10
chr1	975264	975613	EH38D4327846	EH38E2776740	dELS	chr1	982093	982093	ENST00000433179.4	.	-	ENSG00000187642.10
chr1	975986	976336	EH38D4327848	EH38E2776741	dELS	chr1	982093	982093	ENST00000341290.6	.	-	ENSG00000187642.10
chr1	975986	976336	EH38D4327848	EH38E2776741	dELS	chr1	982093	982093	ENST00000433179.4	.	-	ENSG00000187642.10
chr1	976430	976596	EH38D6144763	EH38E3951357	dELS	chr1	982093	982093	ENST00000341290.6	.	-	ENSG00000187642.10
chr1	976430	976596	EH38D6144763	EH38E3951357	dELS	chr1	982093	982093	ENST00000433179.4	.	-	ENSG00000187642.10
chr1	976899	977133	EH38D4327850	EH38E2776743	dELS	chr1	982093	982093	ENST00000341290.6	.	-	ENSG00000187642.10
chr1	976899	977133	EH38D4327850	EH38E2776743	dELS	chr1	982093	982093	ENST00000433179.4	.	-	ENSG00000187642.10
chr1	977139	977362	EH38D4327851	EH38E2776744	CA-H3K4me3	chr1	982093	982093	ENST00000341290.6	.	-	ENSG00000187642.10
chr1	977139	977362	EH38D4327851	EH38E2776744	CA-H3K4me3	chr1	982093	982093	ENST00000433179.4	.	-	ENSG00000187642.10
chr1	977831	978039	EH38D4327852	EH38E2776745	dELS	chr1	982093	982093	ENST00000341290.6	.	-	ENSG00000187642.10
chr1	977831	978039	EH38D4327852	EH38E2776745	dELS	chr1	982093	982093	ENST00000433179.4	.	-	ENSG00000187642.10
chr1	978113	978457	EH38D4327853	EH38E2776746	dELS	chr1	982093	982093	ENST00000341290.6	.	-	ENSG00000187642.10
chr1	978113	978457	EH38D4327853	EH38E2776746	dELS	chr1	982093	982093	ENST00000433179.4	.	-	ENSG00000187642.10
chr1	978461	978793	EH38D4327854	EH38E2776747	dELS	chr1	982093	982093	ENST00000341290.6	.	-	ENSG00000187642.10
chr1	978461	978793	EH38D4327854	EH38E2776747	dELS	chr1	982093	982093	ENST00000433179.4	.	-	ENSG00000187642.10
chr1	978833	978989	EH38D4327855	EH38E2776748	dELS	chr1	982093	982093	ENST00000341290.6	.	-	ENSG00000187642.10
chr1	978833	978989	EH38D4327855	EH38E2776748	dELS	chr1	982093	982093	ENST00000433179.4	.	-	ENSG00000187642.10
chr1	979022	979353	EH38D4327856	EH38E2776749	dELS	chr1	982093	982093	ENST00000341290.6	.	-	ENSG00000187642.10
chr1	979022	979353	EH38D4327856	EH38E2776749	dELS	chr1	982093	982093	ENST00000433179.4	.	-	ENSG00000187642.10
chr1	979485	979691	EH38D4327857	EH38E2776750	dELS	chr1	982093	982093	ENST00000341290.6	.	-	ENSG00000187642.10
chr1	979485	979691	EH38D4327857	EH38E2776750	dELS	chr1	982093	982093	ENST00000433179.4	.	-	ENSG00000187642.10
chr1	979766	979971	EH38D6144764	EH38E3951358	dELS	chr1	982093	982093	ENST00000341290.6	.	-	ENSG00000187642.10
chr1	979766	979971	EH38D6144764	EH38E3951358	dELS	chr1	982093	982093	ENST00000433179.4	.	-	ENSG00000187642.10
chr1	980014	980360	EH38D4327859	EH38E2776752	pELS	chr1	982093	982093	ENST00000341290.6	.	-	ENSG00000187642.10
chr1	980014	980360	EH38D4327859	EH38E2776752	pELS	chr1	982093	982093	ENST00000433179.4	.	-	ENSG00000187642.10
chr1	980650	981000	EH38D4327860	EH38E2776753	pELS	chr1	982093	982093	ENST00000341290.6	.	-	ENSG00000187642.10
chr1	980650	981000	EH38D4327860	EH38E2776753	pELS	chr1	982093	982093	ENST00000433179.4	.	-	ENSG00000187642.10
chr1	981075	981240	EH38D4327861	EH38E2776754	pELS	chr1	982093	982093	ENST00000341290.6	.	-	ENSG00000187642.10
chr1	981075	981240	EH38D4327861	EH38E2776754	pELS	chr1	982093	982093	ENST00000433179.4	.	-	ENSG00000187642.10
chr1	981465	981801	EH38D4327862	EH38E2776755	pELS	chr1	982093	982093	ENST00000341290.6	.	-	ENSG00000187642.10
chr1	981465	981801	EH38D4327862	EH38E2776755	pELS	chr1	982093	982093	ENST00000433179.4	.	-	ENSG00000187642.10
chr1	981879	982092	EH38D6144765	EH38E3951359	PLS	chr1	982093	982093	ENST00000341290.6	.	-	ENSG00000187642.10
chr1	981879	982092	EH38D6144765	EH38E3951359	PLS	chr1	982093	982093	ENST00000433179.4	.	-	ENSG00000187642.10
chr1	982127	982477	EH38D4327864	EH38E2776757	PLS	chr1	982117	982117	ENST00000694917.1	.	-	ENSG00000187642.10
chr1	982588	982869	EH38D4327865	EH38E2776758	pELS	chr1	982117	982117	ENST00000694917.1	.	-	ENSG00000187642.10
chr1	982922	983236	EH38D4327866	EH38E2776759	pELS	chr1	982117	982117	ENST00000694917.1	.	-	ENSG00000187642.10
chr1	983698	984043	EH38D4327869	EH38E2776760	pELS	chr1	982117	982117	ENST00000694917.1	.	-	ENSG00000187642.10
chr1	984252	984402	EH38D4327870	EH38E2776761	dELS	chr1	982117	982117	ENST00000694917.1	.	-	ENSG00000187642.10
chr1	984459	984619	EH38D4327871	EH38E2776762	dELS	chr1	982117	982117	ENST00000694917.1	.	-	ENSG00000187642.10
chr1	984662	984946	EH38D4327872	EH38E3951360	TF	chr1	982117	982117	ENST00000694917.1	.	-	ENSG00000187642.10
chr1	984963	985228	EH38D4327873	EH38E3951361	TF	chr1	982117	982117	ENST00000694917.1	.	-	ENSG00000187642.10
chr1	988266	988433	EH38D4327878	EH38E3951362	dELS	chr1	982117	982117	ENST00000694917.1	.	-	ENSG00000187642.10
chr1	988642	988986	EH38D4327879	EH38E3951363	dELS	chr1	982117	982117	ENST00000694917.1	.	-	ENSG00000187642.10
chr1	989605	989942	EH38D4327881	EH38E3951364	CA-H3K4me3	chr1	982117	982117	ENST00000694917.1	.	-	ENSG00000187642.10
chr1	990476	990765	EH38D2115558	EH38E3951365	CA-TF	chr1	982117	982117	ENST00000694917.1	.	-	ENSG00000187642.10
chr1	990869	991044	EH38D4327882	EH38E3951366	CA-H3K4me3	chr1	982117	982117	ENST00000694917.1	.	-	ENSG00000187642.10
chr1	991139	991375	EH38D4327883	EH38E2776763	CA-H3K4me3	chr1	999981	999981	ENST00000484667.2	.	-	ENSG00000188290.11
chr1	991852	992148	EH38D4327884	EH38E2776764	dELS	chr1	999981	999981	ENST00000484667.2	.	-	ENSG00000188290.11
chr1	992496	992738	EH38D2115561	EH38E1310331	dELS	chr1	999981	999981	ENST00000484667.2	.	-	ENSG00000188290.11
chr1	992918	993201	EH38D4327885	EH38E2776765	dELS	chr1	999981	999981	ENST00000484667.2	.	-	ENSG00000188290.11
chr1	993264	993416	EH38D4327886	EH38E2776766	dELS	chr1	999981	999981	ENST00000484667.2	.	-	ENSG00000188290.11
chr1	993462	993693	EH38D4327887	EH38E2776767	CA-H3K4me3	chr1	999981	999981	ENST00000484667.2	.	-	ENSG00000188290.11
chr1	993695	994003	EH38D4327888	EH38E2776768	CA-H3K4me3	chr1	999981	999981	ENST00000484667.2	.	-	ENSG00000188290.11
chr1	994304	994539	EH38D4327889	EH38E3951367	CA	chr1	999981	999981	ENST00000484667.2	.	-	ENSG00000188290.11
chr1	994739	995083	EH38D2115565	EH38E2776769	dELS	chr1	999981	999981	ENST00000484667.2	.	-	ENSG00000188290.11
chr1	995579	995791	EH38D6144768	EH38E3951368	dELS	chr1	999981	999981	ENST00000484667.2	.	-	ENSG00000188290.11
chr1	995842	996076	EH38D2115566	EH38E1310332	dELS	chr1	999981	999981	ENST00000484667.2	.	-	ENSG00000188290.11
chr1	996136	996337	EH38D2115567	EH38E1310333	pELS	chr1	999981	999981	ENST00000484667.2	.	-	ENSG00000188290.11
chr1	996415	996574	EH38D4327892	EH38E2776771	pELS	chr1	999981	999981	ENST00000484667.2	.	-	ENSG00000188290.11
chr1	996864	997015	EH38D6144769	EH38E3951369	pELS	chr1	999981	999981	ENST00000484667.2	.	-	ENSG00000188290.11
chr1	997047	997326	EH38D6144770	EH38E3951370	pELS	chr1	999981	999981	ENST00000484667.2	.	-	ENSG00000188290.11
chr1	997440	997639	EH38D6144771	EH38E3951371	pELS	chr1	999981	999981	ENST00000484667.2	.	-	ENSG00000188290.11
chr1	997823	998068	EH38D6144772	EH38E3951372	PLS	chr1	999981	999981	ENST00000484667.2	.	-	ENSG00000188290.11
chr1	998171	998399	EH38D6144773	EH38E3951373	pELS	chr1	999981	999981	ENST00000484667.2	.	-	ENSG00000188290.11
chr1	998400	998551	EH38D6144774	EH38E3951374	pELS	chr1	999981	999981	ENST00000484667.2	.	-	ENSG00000188290.11
chr1	998580	998889	EH38D6144775	EH38E3951375	pELS	chr1	999981	999981	ENST00000484667.2	.	-	ENSG00000188290.11
chr1	998894	999095	EH38D6144776	EH38E3951376	pELS	chr1	999981	999981	ENST00000484667.2	.	-	ENSG00000188290.11
chr1	999227	999410	EH38D6144777	EH38E3951377	pELS	chr1	999981	999981	ENST00000484667.2	.	-	ENSG00000188290.11
chr1	999477	999745	EH38D6144778	EH38E3951378	pELS	chr1	999981	999981	ENST00000484667.2	.	-	ENSG00000188290.11
chr1	999854	1000048	EH38D6144779	EH38E3951379	PLS	chr1	999981	999981	ENST00000484667.2	.	-	ENSG00000188290.11
chr1	1000069	1000410	EH38D2115579	EH38E1310345	PLS	chr1	1000097	1000097	ENST00000304952.11	.	-	ENSG00000188290.11
chr1	1000069	1000410	EH38D2115579	EH38E1310345	PLS	chr1	1000172	1000172	ENST00000428771.6	.	-	ENSG00000188290.11
chr1	1000501	1000671	EH38D4327903	EH38E2776782	pELS	chr1	1000172	1000172	ENST00000428771.6	.	-	ENSG00000188290.11
chr1	1000720	1001057	EH38D2115581	EH38E1310347	pELS	chr1	1001138	1001138	ENST00000624697.4	.	+	ENSG00000187608.10
chr1	1001094	1001299	EH38D4327904	EH38E2776783	PLS	chr1	1001138	1001138	ENST00000624697.4	.	+	ENSG00000187608.10
chr1	1001372	1001643	EH38D4327905	EH38E2776784	pELS	chr1	1001138	1001138	ENST00000624697.4	.	+	ENSG00000187608.10
chr1	1001652	1001812	EH38D4327906	EH38E2776785	pELS	chr1	1001138	1001138	ENST00000624697.4	.	+	ENSG00000187608.10
chr1	1001825	1002151	EH38D4327907	EH38E2776786	pELS	chr1	1001138	1001138	ENST00000624697.4	.	+	ENSG00000187608.10
chr1	1002169	1002331	EH38D4327908	EH38E2776787	pELS	chr1	1001138	1001138	ENST00000624697.4	.	+	ENSG00000187608.10
chr1	1002510	1002733	EH38D2115586	EH38E3951380	TF	chr1	1001138	1001138	ENST00000624697.4	.	+	ENSG00000187608.10
chr1	1003048	1003341	EH38D4327909	EH38E2776788	dELS	chr1	1001138	1001138	ENST00000624697.4	.	+	ENSG00000187608.10
chr1	1003354	1003693	EH38D4327910	EH38E2776789	dELS	chr1	1001138	1001138	ENST00000624697.4	.	+	ENSG00000187608.10
chr1	1003788	1003943	EH38D4327911	EH38E2776790	dELS	chr1	1001138	1001138	ENST00000624697.4	.	+	ENSG00000187608.10
chr1	1003950	1004162	EH38D4327912	EH38E2776791	dELS	chr1	1001138	1001138	ENST00000624697.4	.	+	ENSG00000187608.10
chr1	1004178	1004515	EH38D4327913	EH38E2776792	dELS	chr1	1001138	1001138	ENST00000624697.4	.	+	ENSG00000187608.10
chr1	1004565	1004731	EH38D4327914	EH38E2776793	dELS	chr1	1001138	1001138	ENST00000624697.4	.	+	ENSG00000187608.10
chr1	1004739	1004959	EH38D4327915	EH38E2776794	dELS	chr1	1001138	1001138	ENST00000624697.4	.	+	ENSG00000187608.10
chr1	1005003	1005341	EH38D2115593	EH38E1310357	dELS	chr1	1001138	1001138	ENST00000624697.4	.	+	ENSG00000187608.10
chr1	1005384	1005640	EH38D4327916	EH38E2776795	dELS	chr1	1001138	1001138	ENST00000624697.4	.	+	ENSG00000187608.10
chr1	1005743	1006076	EH38D4327917	EH38E2776796	dELS	chr1	1001138	1001138	ENST00000624697.4	.	+	ENSG00000187608.10
chr1	1006184	1006342	EH38D4327918	EH38E2776797	pELS	chr1	1001138	1001138	ENST00000624697.4	.	+	ENSG00000187608.10
chr1	1006355	1006516	EH38D4327919	EH38E2776798	pELS	chr1	1001138	1001138	ENST00000624697.4	.	+	ENSG00000187608.10
chr1	1006516	1006805	EH38D2115597	EH38E1310361	pELS	chr1	1001138	1001138	ENST00000624697.4	.	+	ENSG00000187608.10
chr1	1006825	1007127	EH38D4327920	EH38E2776799	pELS	chr1	1001138	1001138	ENST00000624697.4	.	+	ENSG00000187608.10
chr1	1007527	1007772	EH38D4327922	EH38E2776800	pELS	chr1	1013497	1013497	ENST00000649529.1	.	+	ENSG00000187608.10
chr1	1008285	1008477	EH38D4327924	EH38E2776801	PLS	chr1	1013497	1013497	ENST00000649529.1	.	+	ENSG00000187608.10
chr1	1008755	1009009	EH38D4327925	EH38E3951381	pELS	chr1	1013497	1013497	ENST00000649529.1	.	+	ENSG00000187608.10
chr1	1009157	1009433	EH38D4327926	EH38E2776802	pELS	chr1	1013497	1013497	ENST00000649529.1	.	+	ENSG00000187608.10
chr1	1009833	1010162	EH38D4327927	EH38E3951382	CA	chr1	1013497	1013497	ENST00000649529.1	.	+	ENSG00000187608.10
chr1	1011516	1011755	EH38D2115601	EH38E2776803	pELS	chr1	1013497	1013497	ENST00000649529.1	.	+	ENSG00000187608.10
chr1	1011868	1012097	EH38D4327932	EH38E3951383	TF	chr1	1013497	1013497	ENST00000649529.1	.	+	ENSG00000187608.10
chr1	1012305	1012557	EH38D4327933	EH38E2776804	pELS	chr1	1013497	1013497	ENST00000649529.1	.	+	ENSG00000187608.10
chr1	1012759	1013080	EH38D4327934	EH38E2776805	pELS	chr1	1013497	1013497	ENST00000649529.1	.	+	ENSG00000187608.10
chr1	1013283	1013631	EH38D4327935	EH38E2776806	PLS	chr1	1013497	1013497	ENST00000649529.1	.	+	ENSG00000187608.10
chr1	1013684	1013835	EH38D6144781	EH38E3951384	pELS	chr1	1013497	1013497	ENST00000649529.1	.	+	ENSG00000187608.10
chr1	1013860	1014072	EH38D6144782	EH38E3951385	pELS	chr1	1013497	1013497	ENST00000649529.1	.	+	ENSG00000187608.10
chr1	1014099	1014291	EH38D6144783	EH38E3951386	pELS	chr1	1013497	1013497	ENST00000649529.1	.	+	ENSG00000187608.10
chr1	1014308	1014656	EH38D4327938	EH38E2776809	pELS	chr1	1013497	1013497	ENST00000649529.1	.	+	ENSG00000187608.10
chr1	1014741	1014968	EH38D4327939	EH38E2776810	pELS	chr1	1013497	1013497	ENST00000649529.1	.	+	ENSG00000187608.10
chr1	1015000	1015292	EH38D4327940	EH38E2776811	pELS	chr1	1013497	1013497	ENST00000649529.1	.	+	ENSG00000187608.10
chr1	1015362	1015704	EH38D4327941	EH38E2776812	dELS	chr1	1013497	1013497	ENST00000649529.1	.	+	ENSG00000187608.10
chr1	1016211	1016429	EH38D4327942	EH38E2776813	dELS	chr1	1013497	1013497	ENST00000649529.1	.	+	ENSG00000187608.10
chr1	1016463	1016623	EH38D4327943	EH38E2776814	dELS	chr1	1013497	1013497	ENST00000649529.1	.	+	ENSG00000187608.10
chr1	1016843	1017021	EH38D4327944	EH38E2776815	dELS	chr1	1020120	1020120	ENST00000379370.7	.	+	ENSG00000188157.15
chr1	1017108	1017383	EH38D4327945	EH38E3951387	TF	chr1	1020120	1020120	ENST00000379370.7	.	+	ENSG00000188157.15
chr1	1017509	1017811	EH38D4327946	EH38E2776816	dELS	chr1	1020120	1020120	ENST00000379370.7	.	+	ENSG00000188157.15
chr1	1017841	1018137	EH38D4327947	EH38E2776817	dELS	chr1	1020120	1020120	ENST00000379370.7	.	+	ENSG00000188157.15
chr1	1018280	1018454	EH38D4327948	EH38E2776818	pELS	chr1	1020120	1020120	ENST00000379370.7	.	+	ENSG00000188157.15
chr1	1018502	1018716	EH38D4327949	EH38E2776819	pELS	chr1	1020120	1020120	ENST00000379370.7	.	+	ENSG00000188157.15
chr1	1018812	1018963	EH38D4327950	EH38E2776820	pELS	chr1	1020120	1020120	ENST00000379370.7	.	+	ENSG00000188157.15
chr1	1019085	1019306	EH38D4327951	EH38E2776821	pELS	chr1	1020120	1020120	ENST00000379370.7	.	+	ENSG00000188157.15
chr1	1019375	1019720	EH38D4327952	EH38E2776822	pELS	chr1	1020120	1020120	ENST00000379370.7	.	+	ENSG00000188157.15
chr1	1019823	1020171	EH38D4327953	EH38E2776823	PLS	chr1	1020120	1020120	ENST00000379370.7	.	+	ENSG00000188157.15
chr1	1019823	1020171	EH38D4327953	EH38E2776823	PLS	chr1	1020123	1020123	ENST00000620552.4	.	+	ENSG00000188157.15
chr1	1020194	1020364	EH38D6144784	EH38E3951388	PLS	chr1	1020123	1020123	ENST00000620552.4	.	+	ENSG00000188157.15
chr1	1020508	1020768	EH38D4327955	EH38E2776825	pELS	chr1	1020123	1020123	ENST00000620552.4	.	+	ENSG00000188157.15
chr1	1020791	1020967	EH38D4327956	EH38E2776826	pELS	chr1	1020123	1020123	ENST00000620552.4	.	+	ENSG00000188157.15
chr1	1021081	1021429	EH38D4327957	EH38E2776827	pELS	chr1	1020123	1020123	ENST00000620552.4	.	+	ENSG00000188157.15
chr1	1021514	1021738	EH38D6144785	EH38E3951389	pELS	chr1	1020123	1020123	ENST00000620552.4	.	+	ENSG00000188157.15
chr1	1021907	1022134	EH38D4327958	EH38E2776828	pELS	chr1	1020123	1020123	ENST00000620552.4	.	+	ENSG00000188157.15
chr1	1022405	1022692	EH38D4327959	EH38E2776829	dELS	chr1	1020123	1020123	ENST00000620552.4	.	+	ENSG00000188157.15
chr1	1022718	1023066	EH38D4327960	EH38E2776830	dELS	chr1	1020123	1020123	ENST00000620552.4	.	+	ENSG00000188157.15
chr1	1023095	1023256	EH38D6144786	EH38E3951390	dELS	chr1	1020123	1020123	ENST00000620552.4	.	+	ENSG00000188157.15
chr1	1023268	1023433	EH38D4327962	EH38E2776832	dELS	chr1	1020123	1020123	ENST00000620552.4	.	+	ENSG00000188157.15
chr1	1023717	1024024	EH38D4327963	EH38E2776833	dELS	chr1	1020123	1020123	ENST00000620552.4	.	+	ENSG00000188157.15
chr1	1024185	1024501	EH38D4327964	EH38E2776834	dELS	chr1	1020123	1020123	ENST00000620552.4	.	+	ENSG00000188157.15
chr1	1024654	1024999	EH38D2115628	EH38E1310390	dELS	chr1	1020123	1020123	ENST00000620552.4	.	+	ENSG00000188157.15
chr1	1025038	1025347	EH38D4327965	EH38E2776835	dELS	chr1	1020123	1020123	ENST00000620552.4	.	+	ENSG00000188157.15
chr1	1025353	1025630	EH38D2115630	EH38E1310392	dELS	chr1	1020123	1020123	ENST00000620552.4	.	+	ENSG00000188157.15
chr1	1025823	1026072	EH38D6144787	EH38E3951391	dELS	chr1	1020123	1020123	ENST00000620552.4	.	+	ENSG00000188157.15
chr1	1026129	1026413	EH38D6144788	EH38E3951392	dELS	chr1	1020123	1020123	ENST00000620552.4	.	+	ENSG00000188157.15
chr1	1026532	1026861	EH38D4327968	EH38E2776838	dELS	chr1	1020123	1020123	ENST00000620552.4	.	+	ENSG00000188157.15
chr1	1026933	1027279	EH38D4327969	EH38E2776839	dELS	chr1	1020123	1020123	ENST00000620552.4	.	+	ENSG00000188157.15
chr1	1027418	1027691	EH38D4327970	EH38E2776840	dELS	chr1	1020123	1020123	ENST00000620552.4	.	+	ENSG00000188157.15
chr1	1027788	1028046	EH38D4327971	EH38E2776841	dELS	chr1	1020123	1020123	ENST00000620552.4	.	+	ENSG00000188157.15
chr1	1030892	1031242	EH38F0072974	EH38E3951393	dELS	chr1	1020123	1020123	ENST00000620552.4	.	+	ENSG00000188157.15
chr1	1031374	1031654	EH38D6144791	EH38E3951394	dELS	chr1	1020123	1020123	ENST00000620552.4	.	+	ENSG00000188157.15
chr1	1031852	1032170	EH38D2115637	EH38E1310398	dELS	chr1	1020123	1020123	ENST00000620552.4	.	+	ENSG00000188157.15
chr1	1032438	1032782	EH38D4327977	EH38E2776843	dELS	chr1	1020123	1020123	ENST00000620552.4	.	+	ENSG00000188157.15
chr1	1033053	1033395	EH38D4327978	EH38E2776844	dELS	chr1	1020123	1020123	ENST00000620552.4	.	+	ENSG00000188157.15
chr1	1033440	1033612	EH38D4327979	EH38E2776845	dELS	chr1	1020123	1020123	ENST00000620552.4	.	+	ENSG00000188157.15
chr1	1033766	1034096	EH38D6144792	EH38E3951395	dELS	chr1	1020123	1020123	ENST00000620552.4	.	+	ENSG00000188157.15
chr1	1034101	1034259	EH38D4327981	EH38E2776847	dELS	chr1	1020123	1020123	ENST00000620552.4	.	+	ENSG00000188157.15
chr1	1034259	1034411	EH38D4327982	EH38E2776848	dELS	chr1	1020123	1020123	ENST00000620552.4	.	+	ENSG00000188157.15
chr1	1034497	1034837	EH38D4327983	EH38E2776849	dELS	chr1	1020123	1020123	ENST00000620552.4	.	+	ENSG00000188157.15
chr1	1035372	1035640	EH38D4327984	EH38E2776850	dELS	chr1	1020123	1020123	ENST00000620552.4	.	+	ENSG00000188157.15
chr1	1035699	1035858	EH38D4327985	EH38E2776851	dELS	chr1	1020123	1020123	ENST00000620552.4	.	+	ENSG00000188157.15
chr1	1036228	1036443	EH38D4327986	EH38E2776852	dELS	chr1	1020123	1020123	ENST00000620552.4	.	+	ENSG00000188157.15
chr1	1036513	1036847	EH38D4327987	EH38E2776853	dELS	chr1	1020123	1020123	ENST00000620552.4	.	+	ENSG00000188157.15
chr1	1036960	1037192	EH38D4327988	EH38E2776854	dELS	chr1	1020123	1020123	ENST00000620552.4	.	+	ENSG00000188157.15
chr1	1037449	1037670	EH38D4327989	EH38E2776855	dELS	chr1	1020123	1020123	ENST00000620552.4	.	+	ENSG00000188157.15
chr1	1037709	1037936	EH38D4327990	EH38E2776856	dELS	chr1	1020123	1020123	ENST00000620552.4	.	+	ENSG00000188157.15
chr1	1038050	1038226	EH38D4327991	EH38E2776857	dELS	chr1	1020123	1020123	ENST00000620552.4	.	+	ENSG00000188157.15
chr1	1038757	1039106	EH38D4327992	EH38E2776858	dELS	chr1	1020123	1020123	ENST00000620552.4	.	+	ENSG00000188157.15
chr1	1039249	1039448	EH38D4327993	EH38E2776859	dELS	chr1	1020123	1020123	ENST00000620552.4	.	+	ENSG00000188157.15
chr1	1039534	1039879	EH38D4327994	EH38E2776860	dELS	chr1	1020123	1020123	ENST00000620552.4	.	+	ENSG00000188157.15
chr1	1040019	1040333	EH38D4327995	EH38E2776861	dELS	chr1	1020123	1020123	ENST00000620552.4	.	+	ENSG00000188157.15
chr1	1040407	1040642	EH38D4327996	EH38E2776862	dELS	chr1	1020123	1020123	ENST00000620552.4	.	+	ENSG00000188157.15
chr1	1040756	1041096	EH38D4327997	EH38E2776863	dELS	chr1	1020123	1020123	ENST00000620552.4	.	+	ENSG00000188157.15
chr1	1041097	1041307	EH38D6144793	EH38E3951396	dELS	chr1	1020123	1020123	ENST00000620552.4	.	+	ENSG00000188157.15
chr1	1041350	1041685	EH38D6144794	EH38E3951397	CA-H3K4me3	chr1	1020123	1020123	ENST00000620552.4	.	+	ENSG00000188157.15
chr1	1041908	1042244	EH38D4328000	EH38E2776866	CA-H3K4me3	chr1	1020123	1020123	ENST00000620552.4	.	+	ENSG00000188157.15
chr1	1042579	1042927	EH38D4328001	EH38E2776867	dELS	chr1	1020123	1020123	ENST00000620552.4	.	+	ENSG00000188157.15
chr1	1042971	1043180	EH38D4328002	EH38E2776868	dELS	chr1	1020123	1020123	ENST00000620552.4	.	+	ENSG00000188157.15
chr1	1043334	1043671	EH38D4328003	EH38E2776869	dELS	chr1	1020123	1020123	ENST00000620552.4	.	+	ENSG00000188157.15
chr1	1043889	1044199	EH38D4328004	EH38E3951398	CA-H3K4me3	chr1	1020123	1020123	ENST00000620552.4	.	+	ENSG00000188157.15
chr1	1044786	1044987	EH38D4328005	EH38E2776870	CA-H3K4me3	chr1	1020123	1020123	ENST00000620552.4	.	+	ENSG00000188157.15
chr1	1045100	1045450	EH38D4328006	EH38E2776871	dELS	chr1	1020123	1020123	ENST00000620552.4	.	+	ENSG00000188157.15
chr1	1045719	1046048	EH38D4328007	EH38E2776872	CA-H3K4me3	chr1	1020123	1020123	ENST00000620552.4	.	+	ENSG00000188157.15
chr1	1046419	1046683	EH38D4328008	EH38E3951399	CA	chr1	1020123	1020123	ENST00000620552.4	.	+	ENSG00000188157.15
chr1	1046843	1047175	EH38D4328009	EH38E3951400	dELS	chr1	1020123	1020123	ENST00000620552.4	.	+	ENSG00000188157.15
chr1	1047628	1047937	EH38D4328010	EH38E2776873	dELS	chr1	1074306	1074306	ENST00000453464.3	.	-	ENSG00000237330.3
chr1	1047982	1048317	EH38D4328011	EH38E3951401	CA	chr1	1074306	1074306	ENST00000453464.3	.	-	ENSG00000237330.3
chr1	1048887	1049189	EH38D4328012	EH38E3951402	CA-TF	chr1	1074306	1074306	ENST00000453464.3	.	-	ENSG00000237330.3
chr1	1049225	1049421	EH38D4328013	EH38E3951403	CA-TF	chr1	1074306	1074306	ENST00000453464.3	.	-	ENSG00000237330.3
chr1	1049510	1049778	EH38D4328014	EH38E2776874	CA-CTCF	chr1	1074306	1074306	ENST00000453464.3	.	-	ENSG00000237330.3
chr1	1050482	1050758	EH38D4328015	EH38E2776875	dELS	chr1	1074306	1074306	ENST00000453464.3	.	-	ENSG00000237330.3
chr1	1050777	1051082	EH38D4328016	EH38E2776876	CA-H3K4me3	chr1	1074306	1074306	ENST00000453464.3	.	-	ENSG00000237330.3
chr1	1051338	1051631	EH38D4328017	EH38E2776877	CA-H3K4me3	chr1	1074306	1074306	ENST00000453464.3	.	-	ENSG00000237330.3
chr1	1051752	1051908	EH38D4328018	EH38E3951404	CA-CTCF	chr1	1074306	1074306	ENST00000453464.3	.	-	ENSG00000237330.3
chr1	1052059	1052271	EH38D4328019	EH38E2776878	dELS	chr1	1074306	1074306	ENST00000453464.3	.	-	ENSG00000237330.3
chr1	1052466	1052816	EH38F0054210	EH38E3951405	TF	chr1	1074306	1074306	ENST00000453464.3	.	-	ENSG00000237330.3
chr1	1053134	1053335	EH38D4328020	EH38E2776879	pELS	chr1	1074306	1074306	ENST00000453464.3	.	-	ENSG00000237330.3
chr1	1053623	1053785	EH38D4328021	EH38E2776880	CA-H3K4me3	chr1	1074306	1074306	ENST00000453464.3	.	-	ENSG00000237330.3
chr1	1053788	1054103	EH38D4328022	EH38E2776881	CA-H3K4me3	chr1	1074306	1074306	ENST00000453464.3	.	-	ENSG00000237330.3
chr1	1054425	1054638	EH38D4328023	EH38E2776882	pELS	chr1	1074306	1074306	ENST00000453464.3	.	-	ENSG00000237330.3
chr1	1054648	1054998	EH38D4328024	EH38E2776883	CA-CTCF	chr1	1074306	1074306	ENST00000453464.3	.	-	ENSG00000237330.3
chr1	1055008	1055325	EH38D4328025	EH38E3951406	CA	chr1	1074306	1074306	ENST00000453464.3	.	-	ENSG00000237330.3
chr1	1055361	1055670	EH38D4328026	EH38E3951407	CA	chr1	1074306	1074306	ENST00000453464.3	.	-	ENSG00000237330.3
chr1	1055954	1056232	EH38D4328027	EH38E2776884	pELS	chr1	1074306	1074306	ENST00000453464.3	.	-	ENSG00000237330.3
chr1	1056234	1056571	EH38D4328028	EH38E2776885	pELS	chr1	1074306	1074306	ENST00000453464.3	.	-	ENSG00000237330.3
chr1	1056653	1056821	EH38F0072975	EH38E3951408	pELS	chr1	1074306	1074306	ENST00000453464.3	.	-	ENSG00000237330.3
chr1	1056936	1057121	EH38D2115663	EH38E1310419	CA-H3K4me3	chr1	1074306	1074306	ENST00000453464.3	.	-	ENSG00000237330.3
chr1	1057205	1057551	EH38D4328029	EH38E2776886	CA-H3K4me3	chr1	1074306	1074306	ENST00000453464.3	.	-	ENSG00000237330.3
chr1	1058036	1058234	EH38D4328030	EH38E2776887	pELS	chr1	1074306	1074306	ENST00000453464.3	.	-	ENSG00000237330.3
chr1	1058319	1058581	EH38D4328031	EH38E2776888	pELS	chr1	1074306	1074306	ENST00000453464.3	.	-	ENSG00000237330.3
chr1	1058764	1058928	EH38D6144795	EH38E3951409	pELS	chr1	1074306	1074306	ENST00000453464.3	.	-	ENSG00000237330.3
chr1	1059039	1059215	EH38D4328033	EH38E2776890	pELS	chr1	1074306	1074306	ENST00000453464.3	.	-	ENSG00000237330.3
chr1	1059253	1059449	EH38D4328034	EH38E2776891	pELS	chr1	1074306	1074306	ENST00000453464.3	.	-	ENSG00000237330.3
chr1	1059476	1059824	EH38D4328035	EH38E2776892	PLS	chr1	1074306	1074306	ENST00000453464.3	.	-	ENSG00000237330.3
chr1	1059837	1059990	EH38D4328036	EH38E2776893	pELS	chr1	1074306	1074306	ENST00000453464.3	.	-	ENSG00000237330.3
chr1	1060292	1060626	EH38D4328037	EH38E2776894	pELS	chr1	1074306	1074306	ENST00000453464.3	.	-	ENSG00000237330.3
chr1	1060682	1061031	EH38D4328038	EH38E2776895	pELS	chr1	1074306	1074306	ENST00000453464.3	.	-	ENSG00000237330.3
chr1	1061366	1061564	EH38D4328039	EH38E2776896	pELS	chr1	1074306	1074306	ENST00000453464.3	.	-	ENSG00000237330.3
chr1	1061732	1062053	EH38D4328040	EH38E2776897	pELS	chr1	1074306	1074306	ENST00000453464.3	.	-	ENSG00000237330.3
chr1	1062067	1062262	EH38D2115671	EH38E1310426	pELS	chr1	1074306	1074306	ENST00000453464.3	.	-	ENSG00000237330.3
chr1	1062304	1062508	EH38D2115672	EH38E1310427	pELS	chr1	1074306	1074306	ENST00000453464.3	.	-	ENSG00000237330.3
chr1	1062532	1062840	EH38D2115673	EH38E1310428	pELS	chr1	1074306	1074306	ENST00000453464.3	.	-	ENSG00000237330.3
chr1	1062935	1063134	EH38F0085951	EH38E3951410	PLS	chr1	1074306	1074306	ENST00000453464.3	.	-	ENSG00000237330.3
chr1	1063148	1063375	EH38D4328041	EH38E2776898	PLS	chr1	1074306	1074306	ENST00000453464.3	.	-	ENSG00000237330.3
chr1	1063579	1063817	EH38D2115674	EH38E1310429	pELS	chr1	1074306	1074306	ENST00000453464.3	.	-	ENSG00000237330.3
chr1	1063939	1064126	EH38D2115675	EH38E1310430	pELS	chr1	1074306	1074306	ENST00000453464.3	.	-	ENSG00000237330.3
chr1	1064189	1064537	EH38D6144796	EH38E3951411	pELS	chr1	1074306	1074306	ENST00000453464.3	.	-	ENSG00000237330.3
chr1	1064652	1064885	EH38D4328043	EH38E2776900	pELS	chr1	1074306	1074306	ENST00000453464.3	.	-	ENSG00000237330.3
chr1	1064898	1065248	EH38F0085952	EH38E3951412	TF	chr1	1074306	1074306	ENST00000453464.3	.	-	ENSG00000237330.3
chr1	1065372	1065573	EH38D4328044	EH38E2776901	dELS	chr1	1074306	1074306	ENST00000453464.3	.	-	ENSG00000237330.3
chr1	1065746	1065930	EH38D4328045	EH38E2776902	dELS	chr1	1074306	1074306	ENST00000453464.3	.	-	ENSG00000237330.3
chr1	1065939	1066249	EH38D2115679	EH38E1310433	dELS	chr1	1074306	1074306	ENST00000453464.3	.	-	ENSG00000237330.3
chr1	1066527	1066702	EH38D2115680	EH38E1310434	dELS	chr1	1074306	1074306	ENST00000453464.3	.	-	ENSG00000237330.3
chr1	1066708	1067053	EH38D4328046	EH38E2776903	dELS	chr1	1074306	1074306	ENST00000453464.3	.	-	ENSG00000237330.3
chr1	1067071	1067272	EH38D4328047	EH38E2776904	dELS	chr1	1074306	1074306	ENST00000453464.3	.	-	ENSG00000237330.3
chr1	1067302	1067651	EH38D4328048	EH38E2776905	dELS	chr1	1074306	1074306	ENST00000453464.3	.	-	ENSG00000237330.3
chr1	1067783	1068062	EH38D4328049	EH38E2776906	dELS	chr1	1074306	1074306	ENST00000453464.3	.	-	ENSG00000237330.3
chr1	1068093	1068257	EH38D6144797	EH38E3951413	dELS	chr1	1074306	1074306	ENST00000453464.3	.	-	ENSG00000237330.3
chr1	1068304	1068516	EH38D4328051	EH38E2776908	dELS	chr1	1074306	1074306	ENST00000453464.3	.	-	ENSG00000237330.3
chr1	1068639	1068942	EH38D4328052	EH38E2776909	dELS	chr1	1074306	1074306	ENST00000453464.3	.	-	ENSG00000237330.3
chr1	1069188	1069537	EH38D4328053	EH38E2776910	dELS	chr1	1074306	1074306	ENST00000453464.3	.	-	ENSG00000237330.3
chr1	1069628	1069964	EH38D4328054	EH38E2776911	dELS	chr1	1074306	1074306	ENST00000453464.3	.	-	ENSG00000237330.3
chr1	1069969	1070191	EH38D4328055	EH38E2776912	dELS	chr1	1074306	1074306	ENST00000453464.3	.	-	ENSG00000237330.3
chr1	1070242	1070592	EH38D2115690	EH38E1310444	dELS	chr1	1074306	1074306	ENST00000453464.3	.	-	ENSG00000237330.3
chr1	1070836	1071011	EH38D4328056	EH38E2776913	dELS	chr1	1074306	1074306	ENST00000453464.3	.	-	ENSG00000237330.3
chr1	1071211	1071478	EH38D4328057	EH38E2776914	dELS	chr1	1074306	1074306	ENST00000453464.3	.	-	ENSG00000237330.3
chr1	1071536	1071778	EH38D4328058	EH38E2776915	dELS	chr1	1074306	1074306	ENST00000453464.3	.	-	ENSG00000237330.3
chr1	1071780	1071947	EH38D4328059	EH38E2776916	dELS	chr1	1074306	1074306	ENST00000453464.3	.	-	ENSG00000237330.3
chr1	1071968	1072273	EH38D4328060	EH38E2776917	dELS	chr1	1074306	1074306	ENST00000453464.3	.	-	ENSG00000237330.3
chr1	1072275	1072476	EH38D4328061	EH38E2776918	pELS	chr1	1074306	1074306	ENST00000453464.3	.	-	ENSG00000237330.3
chr1	1072759	1073075	EH38D4328062	EH38E2776919	pELS	chr1	1074306	1074306	ENST00000453464.3	.	-	ENSG00000237330.3
chr1	1073263	1073582	EH38D2115694	EH38E1310447	pELS	chr1	1074306	1074306	ENST00000453464.3	.	-	ENSG00000237330.3
chr1	1073716	1074037	EH38D4328063	EH38E2776920	pELS	chr1	1074306	1074306	ENST00000453464.3	.	-	ENSG00000237330.3
chr1	1074048	1074398	EH38D4328064	EH38E2776921	PLS	chr1	1074306	1074306	ENST00000453464.3	.	-	ENSG00000237330.3
chr1	1074459	1074610	EH38D4328065	EH38E2776922	pELS	chr1	1074306	1074306	ENST00000453464.3	.	-	ENSG00000237330.3
chr1	1074684	1074885	EH38D4328066	EH38E2776923	pELS	chr1	1074306	1074306	ENST00000453464.3	.	-	ENSG00000237330.3
chr1	1074950	1075126	EH38D4328067	EH38E2776924	pELS	chr1	1074306	1074306	ENST00000453464.3	.	-	ENSG00000237330.3
chr1	1075139	1075415	EH38D4328068	EH38E2776925	pELS	chr1	1074306	1074306	ENST00000453464.3	.	-	ENSG00000237330.3
chr1	1075575	1075864	EH38D4328069	EH38E2776926	pELS	chr1	1074306	1074306	ENST00000453464.3	.	-	ENSG00000237330.3
chr1	1079460	1079810	EH38D4328076	EH38E2776927	dELS	chr1	1074306	1074306	ENST00000453464.3	.	-	ENSG00000237330.3
chr1	1079869	1080028	EH38D2115702	EH38E1310453	dELS	chr1	1074306	1074306	ENST00000453464.3	.	-	ENSG00000237330.3
chr1	1080116	1080464	EH38D4328077	EH38E2776928	dELS	chr1	1074306	1074306	ENST00000453464.3	.	-	ENSG00000237330.3
chr1	1080472	1080666	EH38D6144799	EH38E3951414	dELS	chr1	1074306	1074306	ENST00000453464.3	.	-	ENSG00000237330.3
chr1	1080984	1081296	EH38D4328079	EH38E2776930	dELS	chr1	1074306	1074306	ENST00000453464.3	.	-	ENSG00000237330.3
chr1	1081393	1081727	EH38D4328080	EH38E2776931	dELS	chr1	1074306	1074306	ENST00000453464.3	.	-	ENSG00000237330.3
chr1	1081729	1081888	EH38D4328081	EH38E2776932	dELS	chr1	1074306	1074306	ENST00000453464.3	.	-	ENSG00000237330.3
chr1	1081923	1082184	EH38D4328082	EH38E2776933	dELS	chr1	1074306	1074306	ENST00000453464.3	.	-	ENSG00000237330.3
chr1	1082246	1082561	EH38D4328083	EH38E3951415	CA-H3K4me3	chr1	1074306	1074306	ENST00000453464.3	.	-	ENSG00000237330.3
chr1	1082681	1082999	EH38D4328084	EH38E2776934	dELS	chr1	1074306	1074306	ENST00000453464.3	.	-	ENSG00000237330.3
chr1	1083037	1083288	EH38D4328085	EH38E2776935	dELS	chr1	1074306	1074306	ENST00000453464.3	.	-	ENSG00000237330.3
chr1	1083435	1083757	EH38D4328086	EH38E3951416	dELS	chr1	1092174	1092174	ENST00000379320.5	.	-	ENSG00000131591.18
chr1	1083833	1084159	EH38D4328087	EH38E3951417	dELS	chr1	1092174	1092174	ENST00000379320.5	.	-	ENSG00000131591.18
chr1	1084161	1084315	EH38D4328088	EH38E2776936	dELS	chr1	1092174	1092174	ENST00000379320.5	.	-	ENSG00000131591.18
chr1	1084443	1084711	EH38D4328089	EH38E2776937	dELS	chr1	1092174	1092174	ENST00000379320.5	.	-	ENSG00000131591.18
chr1	1084817	1085118	EH38D4328090	EH38E2776938	dELS	chr1	1092174	1092174	ENST00000379320.5	.	-	ENSG00000131591.18
chr1	1085182	1085418	EH38D6144800	EH38E3951418	dELS	chr1	1092174	1092174	ENST00000379320.5	.	-	ENSG00000131591.18
chr1	1085439	1085651	EH38D4328092	EH38E2776940	dELS	chr1	1092174	1092174	ENST00000379320.5	.	-	ENSG00000131591.18
chr1	1085653	1085822	EH38D4328093	EH38E2776941	dELS	chr1	1092174	1092174	ENST00000379320.5	.	-	ENSG00000131591.18
chr1	1085888	1086216	EH38D4328094	EH38E2776942	dELS	chr1	1092174	1092174	ENST00000379320.5	.	-	ENSG00000131591.18
chr1	1086356	1086528	EH38D4328095	EH38E2776943	dELS	chr1	1092174	1092174	ENST00000379320.5	.	-	ENSG00000131591.18
chr1	1086538	1086701	EH38D4328096	EH38E3951419	dELS	chr1	1092174	1092174	ENST00000379320.5	.	-	ENSG00000131591.18
chr1	1086702	1086905	EH38D4328097	EH38E2776944	CA-H3K4me3	chr1	1092174	1092174	ENST00000379320.5	.	-	ENSG00000131591.18
chr1	1086948	1087288	EH38D4328098	EH38E3951420	CA	chr1	1092174	1092174	ENST00000379320.5	.	-	ENSG00000131591.18
chr1	1087401	1087659	EH38D4328099	EH38E2776945	CA-CTCF	chr1	1092174	1092174	ENST00000379320.5	.	-	ENSG00000131591.18
chr1	1087719	1088030	EH38D4328100	EH38E3951421	CA	chr1	1092174	1092174	ENST00000379320.5	.	-	ENSG00000131591.18
chr1	1088168	1088395	EH38D4328101	EH38E3951422	dELS	chr1	1092174	1092174	ENST00000379320.5	.	-	ENSG00000131591.18
chr1	1088457	1088637	EH38D4328102	EH38E3951423	dELS	chr1	1092174	1092174	ENST00000379320.5	.	-	ENSG00000131591.18
chr1	1088661	1088870	EH38D4328103	EH38E3951424	dELS	chr1	1092174	1092174	ENST00000379320.5	.	-	ENSG00000131591.18
chr1	1088965	1089307	EH38D4328104	EH38E3951425	dELS	chr1	1092174	1092174	ENST00000379320.5	.	-	ENSG00000131591.18
chr1	1089387	1089726	EH38D4328105	EH38E2776946	dELS	chr1	1092174	1092174	ENST00000379320.5	.	-	ENSG00000131591.18
chr1	1089803	1090115	EH38D4328106	EH38E2776947	dELS	chr1	1092174	1092174	ENST00000379320.5	.	-	ENSG00000131591.18
chr1	1090231	1090536	EH38D4328107	EH38E2776948	pELS	chr1	1092174	1092174	ENST00000379320.5	.	-	ENSG00000131591.18
chr1	1090548	1090840	EH38D4328108	EH38E2776949	CA-H3K4me3	chr1	1092174	1092174	ENST00000379320.5	.	-	ENSG00000131591.18
chr1	1091087	1091385	EH38D4328109	EH38E2776950	CA-H3K4me3	chr1	1092174	1092174	ENST00000379320.5	.	-	ENSG00000131591.18
chr1	1091391	1091564	EH38D4328110	EH38E2776951	pELS	chr1	1092174	1092174	ENST00000379320.5	.	-	ENSG00000131591.18
chr1	1091622	1091966	EH38D4328111	EH38E2776952	pELS	chr1	1092174	1092174	ENST00000379320.5	.	-	ENSG00000131591.18
chr1	1092079	1092419	EH38D4328112	EH38E2776953	PLS	chr1	1092174	1092174	ENST00000379320.5	.	-	ENSG00000131591.18
chr1	1092455	1092649	EH38D4328113	EH38E2776954	pELS	chr1	1092174	1092174	ENST00000379320.5	.	-	ENSG00000131591.18
chr1	1092688	1092867	EH38D4328114	EH38E3951426	pELS	chr1	1092174	1092174	ENST00000379320.5	.	-	ENSG00000131591.18
chr1	1093020	1093215	EH38D4328115	EH38E2776955	pELS	chr1	1092174	1092174	ENST00000379320.5	.	-	ENSG00000131591.18
chr1	1093323	1093673	EH38D4328116	EH38E2776956	pELS	chr1	1092174	1092174	ENST00000379320.5	.	-	ENSG00000131591.18
chr1	1093732	1093889	EH38D4328117	EH38E3951427	pELS	chr1	1092174	1092174	ENST00000379320.5	.	-	ENSG00000131591.18
chr1	1094779	1094993	EH38D2115740	EH38E3951428	CA	chr1	1092174	1092174	ENST00000379320.5	.	-	ENSG00000131591.18
chr1	1095009	1095342	EH38D2115741	EH38E3951429	CA	chr1	1092174	1092174	ENST00000379320.5	.	-	ENSG00000131591.18
chr1	1098062	1098277	EH38D4328123	EH38E2776957	pELS	chr1	1092174	1092174	ENST00000379320.5	.	-	ENSG00000131591.18
chr1	1098770	1098991	EH38D6144804	EH38E3951430	pELS	chr1	1092174	1092174	ENST00000379320.5	.	-	ENSG00000131591.18
chr1	1099115	1099430	EH38D6144805	EH38E3951431	pELS	chr1	1106127	1106127	ENST00000379319.5	.	-	ENSG00000131591.18
chr1	1099665	1099897	EH38D2115745	EH38E1310469	dELS	chr1	1106127	1106127	ENST00000379319.5	.	-	ENSG00000131591.18
chr1	1099918	1100144	EH38D4328127	EH38E2776961	dELS	chr1	1106127	1106127	ENST00000379319.5	.	-	ENSG00000131591.18
chr1	1101572	1101801	EH38D4328130	EH38E2776962	CA-H3K4me3	chr1	1106127	1106127	ENST00000379319.5	.	-	ENSG00000131591.18
chr1	1103213	1103394	EH38D4328133	EH38E2776963	dELS	chr1	1106127	1106127	ENST00000379319.5	.	-	ENSG00000131591.18
chr1	1103999	1104191	EH38D4328136	EH38E2776964	dELS	chr1	1106127	1106127	ENST00000379319.5	.	-	ENSG00000131591.18
chr1	1104254	1104495	EH38D2115747	EH38E2776965	pELS	chr1	1106127	1106127	ENST00000379319.5	.	-	ENSG00000131591.18
chr1	1104852	1105066	EH38D2115749	EH38E2776966	pELS	chr1	1106127	1106127	ENST00000379319.5	.	-	ENSG00000131591.18
chr1	1106718	1107064	EH38D4328140	EH38E3951432	CA-TF	chr1	1106127	1106127	ENST00000379319.5	.	-	ENSG00000131591.18
chr1	1107064	1107227	EH38D6144811	EH38E3951433	CA	chr1	1106127	1106127	ENST00000379319.5	.	-	ENSG00000131591.18
chr1	1107264	1107560	EH38D6144812	EH38E3951434	CA	chr1	1106127	1106127	ENST00000379319.5	.	-	ENSG00000131591.18
chr1	1107577	1107772	EH38D4328142	EH38E2776967	pELS	chr1	1106127	1106127	ENST00000379319.5	.	-	ENSG00000131591.18
chr1	1108020	1108351	EH38D6144813	EH38E3951435	dELS	chr1	1106127	1106127	ENST00000379319.5	.	-	ENSG00000131591.18
