rsid,chromosome,start_position,end_position,gene_chromosome,gene_start_position,gene_end_position,gene_symbol
rs10,chr7,92383887,92383888,chr7,92244452,92462637,CDK6
rs1000000,chr12,126890979,126890980,chr12,126918772,126918773,LINC02350
rs10000003,chr4,57561646,57561647,chr4,57514884,57523982,HOPX
rs10000005,chr4,85161557,85161558,chr4,85220321,85220322,LINC02994
rs10000006,chr4,108826382,108826383,chr4,108816708,108831507,SGMS2
rs10000007,chr4,114553252,114553253,chr4,114375666,114598706,CAMK2D
rs10000008,chr4,172776203,172776204,chr4,172735730,173961251,GALNTL6
rs10000009,chr4,71048952,71048953,chr4,71062259,71068902,ODAM
rs1000001,chr2,50711641,50711642,chr2,50149080,51255411,NRXN1
rs10000010,chr4,21618673,21618674,chr4,20731703,21950254,KCNIP4
rs10000011,chr4,138223054,138223055,chr4,138133952,138133953,LINC02511
rs10000012,chr4,1357324,1357325,chr4,1341878,1379749,UVSSA
rs10000013,chr4,37225068,37225069,chr4,37243612,37243613,MIR4801
rs10000015,chr4,84143986,84143987,chr4,84185350,84206067,COQ2
rs10000017,chr4,84778124,84778125,chr4,84457774,84525920,GPAT3
rs10000018,chr4,100458447,100458448,chr4,100434237,100463266,C4orf17
rs10000019,chr4,66208347,66208348,chr4,66189830,66509119,EPHA5
rs1000002,chr3,183635767,183635768,chr3,183639086,183732180,ABCC5
rs10000021,chr4,159441456,159441457,chr4,159443127,159573207,RXFP1
rs10000022,chr4,115130849,115130850,chr4,114823341,114899990,ARSJ
rs10000023,chr4,95733905,95733906,chr4,95678683,95678684,BMPR1B-DT
rs10000024,chr4,6425265,6425266,chr4,6325027,6473956,PPP2R2C
rs10000025,chr4,186910894,186910895,chr4,186997772,187006027,TLR3
rs10000026,chr4,177042859,177042860,chr4,177017669,177100730,WDR17
rs10000027,chr4,156176216,156176217,chr4,156135090,156136237,NPY2R
rs10000028,chr4,172019172,172019173,chr4,171980310,171980311,LINC02431
rs10000029,chr4,138685623,138685624,chr4,138524583,138524584,LINC02172
rs1000003,chr3,98342906,98342907,chr3,98299525,98312348,CPOX
rs10000030,chr4,103374153,103374154,chr4,103423642,103423643,LOC105377621
rs10000032,chr4,22588960,22588961,chr4,22389326,22517407,ADGRA3
rs10000033,chr4,139599897,139599898,chr4,139345497,139345498,LINC00499
rs10000034,chr4,8174882,8174883,chr4,7968715,8160416,ABLIM2
rs10000036,chr4,139219261,139219262,chr4,139093108,139163223,SLC7A11
rs10000037,chr4,38924329,38924330,chr4,38879698,38928797,FAM114A1
rs10000038,chr4,189176034,189176035,chr4,189060711,189068526,TRIML1
rs10000039,chr4,35366127,35366128,chr4,36069527,36231108,ARAP2
rs10000040,chr4,137420802,137420803,chr4,136834834,136834835,LINC00613
rs10000041,chr4,165621954,165621955,chr4,165691594,165722346,SMIM31
rs10000042,chr4,5237151,5237152,chr4,5053589,5500810,STK32B
rs10000043,chr4,171153088,171153089,chr4,171204873,171204874,LINC01612
rs10000044,chr4,32640753,32640754,chr4,32354841,32354842,LINC02353
rs10000045,chr4,183288279,183288280,chr4,183245172,183721504,TENM3
rs10000046,chr4,155970295,155970296,chr4,156135090,156136237,NPY2R
rs10000047,chr4,55752051,55752052,chr4,55524180,55604723,KIT
rs10000048,chr4,78224185,78224186,chr4,78079684,78087077,CCNG2
rs1000005,chr21,34433050,34433051,chr21,34437384,34437385,LINC00945
rs10000050,chr4,136556037,136556038,chr4,136809247,136809248,LINC00613
rs10000051,chr4,121291691,121291692,chr4,120981271,120987889,MAD2L1
rs10000054,chr4,125818043,125818044,chr4,125590140,125631666,ANKRD50
rs10000055,chr4,77882459,77882460,chr4,77871055,77955665,SEPTIN11
rs10000056,chr4,189321616,189321617,chr4,189523061,189523062,LINC01060
rs10000057,chr4,177690076,177690077,chr4,177605075,177713465,VEGFC
rs10000058,chr4,690365,690366,chr4,675745,682916,SLC49A3
rs10000059,chr4,10722338,10722339,chr4,10492089,10669493,CLNK
rs10000060,chr4,85541397,85541398,chr4,85504553,85569839,CDS1
rs10000062,chr4,5254743,5254744,chr4,5053589,5500810,STK32B
rs10000064,chr4,127809620,127809621,chr4,128554188,128637591,INTU
rs10000065,chr4,190051251,190051252,chr4,189706664,189706665,LINC02508
rs10000066,chr4,61779372,61779373,chr4,61788401,61788402,MIR548AG1
rs10000067,chr4,100296475,100296476,chr4,100273902,100273903,ADH1C
rs10000068,chr4,36924286,36924287,chr4,37022327,37022328,LINC02616
rs10000069,chr4,66569437,66569438,chr4,66559103,66559104,EPHA5-AS1
rs1000007,chr2,237752053,237752054,chr2,237964809,237964810,LOC93463
rs10000071,chr4,139572259,139572260,chr4,139345497,139345498,LINC00499
rs10000072,chr4,110717017,110717018,chr4,110652387,110723127,CFI
rs10000073,chr4,43022221,43022222,chr4,42895282,43032557,GRXCR1
rs10000074,chr4,40002695,40002696,chr4,39827103,39978197,PDS5A
rs10000075,chr4,179488910,179488911,chr4,178911903,178911904,LINC01098
rs10000076,chr4,183288359,183288360,chr4,183245172,183721504,TENM3
rs10000077,chr4,70156734,70156735,chr4,70146217,70160527,UGT2B28
rs10000078,chr4,81654980,81654981,chr4,81256921,81884766,CFAP299
rs10000079,chr4,91868490,91868491,chr4,91229434,92520208,CCSER1
rs10000081,chr4,17348362,17348363,chr4,17322504,17322505,SNORA75B
rs10000082,chr4,167310191,167310192,chr4,166795055,167022028,TLL1
rs10000083,chr4,5349851,5349852,chr4,5053589,5500810,STK32B
rs10000084,chr4,72327950,72327951,chr4,72102292,72432764,SLC4A4
rs10000085,chr4,61435319,61435320,chr4,61788401,61788402,MIR548AG1
rs10000086,chr4,41279824,41279825,chr4,41258992,41270090,UCHL1
rs10000087,chr4,24807189,24807190,chr4,24810009,24914486,CCDC149
rs10000088,chr4,182605349,182605350,chr4,182751125,182751126,TEMN3-AS1
rs10000091,chr4,12984966,12984967,chr4,13370180,13485774,RAB28
rs10000092,chr4,21895516,21895517,chr4,20731703,21950254,KCNIP4
rs10000093,chr4,157403203,157403204,chr4,157684240,157892055,PDGFC
rs10000094,chr4,11818069,11818070,chr4,11784871,11784872,MIR12113
rs10000095,chr4,139572333,139572334,chr4,139345497,139345498,LINC00499
rs10000096,chr4,36701669,36701670,chr4,36643521,36643522,LINC02505
rs10000097,chr4,134842023,134842024,chr4,135121060,135122174,PABPC4L
rs10000099,chr4,175794513,175794514,chr4,175797114,175797115,LOC101928551
rs1000010,chr3,11604118,11604119,chr3,11382161,11605759,ATG7
rs10000100,chr4,19510492,19510493,chr4,20255437,20620632,SLIT2
rs10000101,chr4,171716086,171716087,chr4,171664885,171664886,LINC02382
rs10000102,chr4,92588959,92588960,chr4,91229434,92520208,CCSER1
rs10000103,chr4,117772251,117772252,chr4,118005438,118006549,TRAM1L1
rs10000104,chr4,10191765,10191766,chr4,10077000,10118290,WDR1
rs10000105,chr4,53623676,53623677,chr4,53609994,53611687,ERVMER340
rs10000106,chr4,4687897,4687898,chr4,4666149,4666150,SNORD162
rs10000107,chr4,86812419,86812420,chr4,86491693,86921875,ARHGAP24
rs10000108,chr4,40910495,40910496,chr4,40818107,41035271,APBB2
rs10000109,chr4,91367268,91367269,chr4,91229434,92520208,CCSER1
