chr|end|exon_id|exon_number|gene_id|id|start|transcript_id
chr20|9839076|ENSE00001901152|1|ENSEMBL:ENSG00000101349|ENSE00001901152|9838762|ENSEMBL:ENST00000353224
chr20|9711435|ENSE00001218547|2|ENSEMBL:ENSG00000101349|ENSE00001218547|9711286|ENSEMBL:ENST00000353224
chr20|9644339|ENSE00001477549|3|ENSEMBL:ENSG00000101349|ENSE00001477549|9644125|ENSEMBL:ENST00000353224
chr20|9580930|ENSE00000659009|4|ENSEMBL:ENSG00000101349|ENSE00000659009|9580145|ENSEMBL:ENST00000353224
chr20|9566384|ENSE00000659008|5|ENSEMBL:ENSG00000101349|ENSE00000659008|9565893|ENSEMBL:ENST00000353224
chr20|9563024|ENSE00001598137|6|ENSEMBL:ENSG00000101349|ENSE00001598137|9562891|ENSEMBL:ENST00000353224
chr20|9557734|ENSE00000859083|7|ENSEMBL:ENSG00000101349|ENSE00000859083|9557608|ENSEMBL:ENST00000353224
chr20|9838831|ENSE00001477490|1|ENSEMBL:ENSG00000101349|ENSE00001477490|9838762|ENSEMBL:ENST00000378423
chr20|9784506|ENSE00001477489|2|ENSEMBL:ENSG00000101349|ENSE00001477489|9784358|ENSEMBL:ENST00000378423
chr20|9711435|ENSE00001218547|3|ENSEMBL:ENSG00000101349|ENSE00001218547|9711286|ENSEMBL:ENST00000378423
chr20|9644339|ENSE00001477549|4|ENSEMBL:ENSG00000101349|ENSE00001477549|9644125|ENSEMBL:ENST00000378423
chr20|9580930|ENSE00000659009|5|ENSEMBL:ENSG00000101349|ENSE00000659009|9580145|ENSEMBL:ENST00000378423
chr20|9566384|ENSE00000659008|6|ENSEMBL:ENSG00000101349|ENSE00000659008|9565893|ENSEMBL:ENST00000378423
chr20|9563024|ENSE00001598137|7|ENSEMBL:ENSG00000101349|ENSE00001598137|9562891|ENSEMBL:ENST00000378423
chr20|9557734|ENSE00000859083|8|ENSEMBL:ENSG00000101349|ENSE00000859083|9557608|ENSEMBL:ENST00000378423
chr20|9839041|ENSE00001899879|1|ENSEMBL:ENSG00000101349|ENSE00001899879|9838762|ENSEMBL:ENST00000378429
chr20|9818785|ENSE00001403884|2|ENSEMBL:ENSG00000101349|ENSE00001403884|9818680|ENSEMBL:ENST00000378429
chr20|9711435|ENSE00001218547|3|ENSEMBL:ENSG00000101349|ENSE00001218547|9711286|ENSEMBL:ENST00000378429
chr20|9644339|ENSE00001477549|4|ENSEMBL:ENSG00000101349|ENSE00001477549|9644125|ENSEMBL:ENST00000378429
chr20|9580930|ENSE00000659009|5|ENSEMBL:ENSG00000101349|ENSE00000659009|9580145|ENSEMBL:ENST00000378429
chr20|9566384|ENSE00000659008|6|ENSEMBL:ENSG00000101349|ENSE00000659008|9565893|ENSEMBL:ENST00000378429
chr20|9563024|ENSE00001598137|7|ENSEMBL:ENSG00000101349|ENSE00001598137|9562891|ENSEMBL:ENST00000378429
chr20|9557734|ENSE00000859083|8|ENSEMBL:ENSG00000101349|ENSE00000859083|9557608|ENSEMBL:ENST00000378429
chr20|9563101|ENSE00003875467|1|ENSEMBL:ENSG00000286740|ENSE00003875467|9562941|ENSEMBL:ENST00000657954
chr20|9571257|ENSE00003883630|2|ENSEMBL:ENSG00000286740|ENSE00003883630|9570879|ENSEMBL:ENST00000657954
chr20|9575742|ENSE00001673273|1|ENSEMBL:ENSG00000232738|ENSE00001673273|9575608|ENSEMBL:ENST00000428769
chr20|9577689|ENSE00001682897|2|ENSEMBL:ENSG00000232738|ENSE00001682897|9577360|ENSEMBL:ENST00000428769
chr20|9835634|ENSE00003863098|1|ENSEMBL:ENSG00000286470|ENSE00003863098|9835556|ENSEMBL:ENST00000656748
chr20|9836041|ENSE00003868250|2|ENSEMBL:ENSG00000286470|ENSE00003868250|9835945|ENSEMBL:ENST00000656748
chr20|9873900|ENSE00003880241|3|ENSEMBL:ENSG00000286470|ENSE00003880241|9872240|ENSEMBL:ENST00000656748
chr20|9986519|ENSE00001736075|1|ENSEMBL:ENSG00000243961|ENSE00001736075|9986088|ENSEMBL:ENST00000449270
chr20|10007116|ENSE00001727795|2|ENSEMBL:ENSG00000243961|ENSE00001727795|10006513|ENSEMBL:ENST00000449270
chr20|9986519|ENSE00001639435|1|ENSEMBL:ENSG00000132623|ENSE00001639435|9986126|ENSEMBL:ENST00000437504
chr20|10043216|ENSE00001755953|2|ENSEMBL:ENSG00000132623|ENSE00001755953|10043122|ENSEMBL:ENST00000437504
chr20|10035333|ENSE00001477365|1|ENSEMBL:ENSG00000132623|ENSE00001477365|10034987|ENSEMBL:ENST00000378392
chr20|10035642|ENSE00001477354|2|ENSEMBL:ENSG00000132623|ENSE00001477354|10035579|ENSEMBL:ENST00000378392
chr20|10038647|ENSE00003654766|3|ENSEMBL:ENSG00000132623|ENSE00003654766|10038258|ENSEMBL:ENST00000378392
chr20|10043321|ENSE00003520744|4|ENSEMBL:ENSG00000132623|ENSE00003520744|10043122|ENSEMBL:ENST00000378392
chr20|10044543|ENSE00003652008|5|ENSEMBL:ENSG00000132623|ENSE00003652008|10044394|ENSEMBL:ENST00000378392
chr20|10045697|ENSE00003621228|6|ENSEMBL:ENSG00000132623|ENSE00003621228|10045574|ENSEMBL:ENST00000378392
chr20|10050212|ENSE00003682380|7|ENSEMBL:ENSG00000132623|ENSE00003682380|10049390|ENSEMBL:ENST00000378392
chr20|10051889|ENSE00003621601|8|ENSEMBL:ENSG00000132623|ENSE00003621601|10051663|ENSEMBL:ENST00000378392
chr20|10053275|ENSE00003571338|9|ENSEMBL:ENSG00000132623|ENSE00003571338|10053112|ENSEMBL:ENST00000378392
chr20|10054599|ENSE00003531424|10|ENSEMBL:ENSG00000132623|ENSE00003531424|10054462|ENSEMBL:ENST00000378392
chr20|10058303|ENSE00001888001|11|ENSEMBL:ENSG00000132623|ENSE00001888001|10055502|ENSEMBL:ENST00000378392
chr20|10035333|ENSE00001175405|1|ENSEMBL:ENSG00000132623|ENSE00001175405|10035049|ENSEMBL:ENST00000378380
chr20|10038647|ENSE00003654766|2|ENSEMBL:ENSG00000132623|ENSE00003654766|10038258|ENSEMBL:ENST00000378380
chr20|10043321|ENSE00003520744|3|ENSEMBL:ENSG00000132623|ENSE00003520744|10043122|ENSEMBL:ENST00000378380
chr20|10044543|ENSE00003652008|4|ENSEMBL:ENSG00000132623|ENSE00003652008|10044394|ENSEMBL:ENST00000378380
chr20|10045697|ENSE00003621228|5|ENSEMBL:ENSG00000132623|ENSE00003621228|10045574|ENSEMBL:ENST00000378380
chr20|10050212|ENSE00003682380|6|ENSEMBL:ENSG00000132623|ENSE00003682380|10049390|ENSEMBL:ENST00000378380
chr20|10051889|ENSE00003621601|7|ENSEMBL:ENSG00000132623|ENSE00003621601|10051663|ENSEMBL:ENST00000378380
chr20|10053275|ENSE00003571338|8|ENSEMBL:ENSG00000132623|ENSE00003571338|10053112|ENSEMBL:ENST00000378380
chr20|10054599|ENSE00003531424|9|ENSEMBL:ENSG00000132623|ENSE00003531424|10054462|ENSEMBL:ENST00000378380
chr20|10058303|ENSE00001888001|10|ENSEMBL:ENSG00000132623|ENSE00001888001|10055502|ENSEMBL:ENST00000378380
chr20|10035333|ENSE00001946515|1|ENSEMBL:ENSG00000132623|ENSE00001946515|10035117|ENSEMBL:ENST00000488991
chr20|10038647|ENSE00003479326|2|ENSEMBL:ENSG00000132623|ENSE00003479326|10038258|ENSEMBL:ENST00000488991
chr20|10040670|ENSE00001882823|3|ENSEMBL:ENSG00000132623|ENSE00001882823|10040625|ENSEMBL:ENST00000488991
chr20|10043321|ENSE00003474270|4|ENSEMBL:ENSG00000132623|ENSE00003474270|10043122|ENSEMBL:ENST00000488991
chr20|10044543|ENSE00003590148|5|ENSEMBL:ENSG00000132623|ENSE00003590148|10044394|ENSEMBL:ENST00000488991
chr20|10045697|ENSE00003473553|6|ENSEMBL:ENSG00000132623|ENSE00003473553|10045574|ENSEMBL:ENST00000488991
chr20|10050212|ENSE00003494486|7|ENSEMBL:ENSG00000132623|ENSE00003494486|10049390|ENSEMBL:ENST00000488991
chr20|10051889|ENSE00003623880|8|ENSEMBL:ENSG00000132623|ENSE00003623880|10051663|ENSEMBL:ENST00000488991
chr20|10053275|ENSE00003674131|9|ENSEMBL:ENSG00000132623|ENSE00003674131|10053112|ENSEMBL:ENST00000488991
chr20|10054599|ENSE00003690857|10|ENSEMBL:ENSG00000132623|ENSE00003690857|10054462|ENSEMBL:ENST00000488991
chr20|10055827|ENSE00001952776|11|ENSEMBL:ENSG00000132623|ENSE00001952776|10055502|ENSEMBL:ENST00000488991
chr20|10012063|ENSE00003878659|1|ENSEMBL:ENSG00000227906|ENSE00003878659|10010091|ENSEMBL:ENST00000655841
chr20|10009465|ENSE00003867187|2|ENSEMBL:ENSG00000227906|ENSE00003867187|10006381|ENSEMBL:ENST00000655841
chr20|10025850|ENSE00003888198|1|ENSEMBL:ENSG00000227906|ENSE00003888198|10025791|ENSEMBL:ENST00000658520
chr20|10016973|ENSE00003883120|2|ENSEMBL:ENSG00000227906|ENSE00003883120|10016942|ENSEMBL:ENST00000658520
chr20|10016592|ENSE00003861280|3|ENSEMBL:ENSG00000227906|ENSE00003861280|10016434|ENSEMBL:ENST00000658520
chr20|10010191|ENSE00003871236|4|ENSEMBL:ENSG00000227906|ENSE00003871236|10010091|ENSEMBL:ENST00000658520
chr20|10009465|ENSE00003865888|5|ENSEMBL:ENSG00000227906|ENSE00003865888|10006576|ENSEMBL:ENST00000658520
chr20|10026651|ENSE00003671633|1|ENSEMBL:ENSG00000227906|ENSE00003671633|10026544|ENSEMBL:ENST00000603245
chr20|10022462|ENSE00003521230|2|ENSEMBL:ENSG00000227906|ENSE00003521230|10021978|ENSEMBL:ENST00000603245
chr20|10219524|ENSE00003535996|1|ENSEMBL:ENSG00000227906|ENSE00003535996|10219222|ENSEMBL:ENST00000661614
chr20|10196937|ENSE00001681685|2|ENSEMBL:ENSG00000227906|ENSE00001681685|10196818|ENSEMBL:ENST00000661614
chr20|10104394|ENSE00001728322|3|ENSEMBL:ENSG00000227906|ENSE00001728322|10104286|ENSEMBL:ENST00000661614
chr20|10026648|ENSE00001794719|4|ENSEMBL:ENSG00000227906|ENSE00001794719|10026544|ENSEMBL:ENST00000661614
chr20|10026166|ENSE00003881707|5|ENSEMBL:ENSG00000227906|ENSE00003881707|10021995|ENSEMBL:ENST00000661614
chr20|10219501|ENSE00003862134|1|ENSEMBL:ENSG00000227906|ENSE00003862134|10219222|ENSEMBL:ENST00000663466
chr20|10196937|ENSE00001681685|2|ENSEMBL:ENSG00000227906|ENSE00001681685|10196818|ENSEMBL:ENST00000663466
chr20|10125291|ENSE00003869384|3|ENSEMBL:ENSG00000227906|ENSE00003869384|10125182|ENSEMBL:ENST00000663466
chr20|10104394|ENSE00001728322|4|ENSEMBL:ENSG00000227906|ENSE00001728322|10104286|ENSEMBL:ENST00000663466
chr20|10026648|ENSE00001794719|5|ENSEMBL:ENSG00000227906|ENSE00001794719|10026544|ENSEMBL:ENST00000663466
chr20|10026166|ENSE00003868966|6|ENSEMBL:ENSG00000227906|ENSE00003868966|10022006|ENSEMBL:ENST00000663466
chr20|10219488|ENSE00003856118|1|ENSEMBL:ENSG00000227906|ENSE00003856118|10219237|ENSEMBL:ENST00000670580
chr20|10198875|ENSE00003659605|2|ENSEMBL:ENSG00000227906|ENSE00003659605|10198753|ENSEMBL:ENST00000670580
chr20|10196937|ENSE00001681685|3|ENSEMBL:ENSG00000227906|ENSE00001681685|10196818|ENSEMBL:ENST00000670580
chr20|10104394|ENSE00001728322|4|ENSEMBL:ENSG00000227906|ENSE00001728322|10104286|ENSEMBL:ENST00000670580
chr20|10026648|ENSE00001794719|5|ENSEMBL:ENSG00000227906|ENSE00001794719|10026544|ENSEMBL:ENST00000670580
chr20|10026166|ENSE00003880110|6|ENSEMBL:ENSG00000227906|ENSE00003880110|10022030|ENSEMBL:ENST00000670580
chr20|10219489|ENSE00003876205|1|ENSEMBL:ENSG00000227906|ENSE00003876205|10219222|ENSEMBL:ENST00000664172
chr20|10196937|ENSE00001681685|2|ENSEMBL:ENSG00000227906|ENSE00001681685|10196818|ENSEMBL:ENST00000664172
chr20|10190152|ENSE00003877026|3|ENSEMBL:ENSG00000227906|ENSE00003877026|10190057|ENSEMBL:ENST00000664172
chr20|10104394|ENSE00001728322|4|ENSEMBL:ENSG00000227906|ENSE00001728322|10104286|ENSEMBL:ENST00000664172
chr20|10026648|ENSE00001794719|5|ENSEMBL:ENSG00000227906|ENSE00001794719|10026544|ENSEMBL:ENST00000664172
chr20|10026166|ENSE00003541461|6|ENSEMBL:ENSG00000227906|ENSE00003541461|10023577|ENSEMBL:ENST00000664172
chr20|10219520|ENSE00003883294|1|ENSEMBL:ENSG00000227906|ENSE00003883294|10219237|ENSEMBL:ENST00000658443
chr20|10196937|ENSE00001681685|2|ENSEMBL:ENSG00000227906|ENSE00001681685|10196818|ENSEMBL:ENST00000658443
chr20|10190152|ENSE00003877026|3|ENSEMBL:ENSG00000227906|ENSE00003877026|10190057|ENSEMBL:ENST00000658443
chr20|10104394|ENSE00001728322|4|ENSEMBL:ENSG00000227906|ENSE00001728322|10104286|ENSEMBL:ENST00000658443
chr20|10026648|ENSE00001794719|5|ENSEMBL:ENSG00000227906|ENSE00001794719|10026544|ENSEMBL:ENST00000658443
chr20|10026166|ENSE00003541461|6|ENSEMBL:ENSG00000227906|ENSE00003541461|10023577|ENSEMBL:ENST00000658443
chr20|10219524|ENSE00003535996|1|ENSEMBL:ENSG00000227906|ENSE00003535996|10219222|ENSEMBL:ENST00000666905
chr20|10198875|ENSE00003659605|2|ENSEMBL:ENSG00000227906|ENSE00003659605|10198753|ENSEMBL:ENST00000666905
chr20|10196937|ENSE00001681685|3|ENSEMBL:ENSG00000227906|ENSE00001681685|10196818|ENSEMBL:ENST00000666905
chr20|10104394|ENSE00001728322|4|ENSEMBL:ENSG00000227906|ENSE00001728322|10104286|ENSEMBL:ENST00000666905
chr20|10026648|ENSE00001794719|5|ENSEMBL:ENSG00000227906|ENSE00001794719|10026544|ENSEMBL:ENST00000666905
chr20|10026166|ENSE00003541461|6|ENSEMBL:ENSG00000227906|ENSE00003541461|10023577|ENSEMBL:ENST00000666905
chr20|10219754|ENSE00003570255|1|ENSEMBL:ENSG00000227906|ENSE00003570255|10219237|ENSEMBL:ENST00000603542
chr20|10196937|ENSE00001681685|2|ENSEMBL:ENSG00000227906|ENSE00001681685|10196818|ENSEMBL:ENST00000603542
chr20|10104394|ENSE00001728322|3|ENSEMBL:ENSG00000227906|ENSE00001728322|10104286|ENSEMBL:ENST00000603542
chr20|10026648|ENSE00001794719|4|ENSEMBL:ENSG00000227906|ENSE00001794719|10026544|ENSEMBL:ENST00000603542
chr20|10026166|ENSE00003541461|5|ENSEMBL:ENSG00000227906|ENSE00003541461|10023577|ENSEMBL:ENST00000603542
chr20|10219503|ENSE00003851346|1|ENSEMBL:ENSG00000227906|ENSE00003851346|10219237|ENSEMBL:ENST00000662559
chr20|10196937|ENSE00001681685|2|ENSEMBL:ENSG00000227906|ENSE00001681685|10196818|ENSEMBL:ENST00000662559
chr20|10104394|ENSE00001728322|3|ENSEMBL:ENSG00000227906|ENSE00001728322|10104286|ENSEMBL:ENST00000662559
chr20|10026648|ENSE00003885986|4|ENSEMBL:ENSG00000227906|ENSE00003885986|10023834|ENSEMBL:ENST00000662559
chr20|10029026|ENSE00003858248|1|ENSEMBL:ENSG00000227906|ENSE00003858248|10026544|ENSEMBL:ENST00000661134
chr20|10026166|ENSE00003870727|2|ENSEMBL:ENSG00000227906|ENSE00003870727|10024108|ENSEMBL:ENST00000661134
chr20|10219524|ENSE00003535996|1|ENSEMBL:ENSG00000227906|ENSE00003535996|10219222|ENSEMBL:ENST00000655307
chr20|10196937|ENSE00001681685|2|ENSEMBL:ENSG00000227906|ENSE00001681685|10196818|ENSEMBL:ENST00000655307
chr20|10190152|ENSE00003877026|3|ENSEMBL:ENSG00000227906|ENSE00003877026|10190057|ENSEMBL:ENST00000655307
chr20|10104394|ENSE00001728322|4|ENSEMBL:ENSG00000227906|ENSE00001728322|10104286|ENSEMBL:ENST00000655307
chr20|10026648|ENSE00003858844|5|ENSEMBL:ENSG00000227906|ENSE00003858844|10024673|ENSEMBL:ENST00000655307
chr20|10219501|ENSE00003858022|1|ENSEMBL:ENSG00000227906|ENSE00003858022|10219237|ENSEMBL:ENST00000660550
chr20|10196937|ENSE00001681685|2|ENSEMBL:ENSG00000227906|ENSE00001681685|10196818|ENSEMBL:ENST00000660550
chr20|10190152|ENSE00003877026|3|ENSEMBL:ENSG00000227906|ENSE00003877026|10190057|ENSEMBL:ENST00000660550
chr20|10104394|ENSE00003580445|4|ENSEMBL:ENSG00000227906|ENSE00003580445|10104168|ENSEMBL:ENST00000660550
chr20|10026648|ENSE00001794719|5|ENSEMBL:ENSG00000227906|ENSE00001794719|10026544|ENSEMBL:ENST00000660550
chr20|10026166|ENSE00003882672|6|ENSEMBL:ENSG00000227906|ENSE00003882672|10024678|ENSEMBL:ENST00000660550
chr20|10219488|ENSE00003864672|1|ENSEMBL:ENSG00000227906|ENSE00003864672|10219222|ENSEMBL:ENST00000667042
chr20|10196937|ENSE00001681685|2|ENSEMBL:ENSG00000227906|ENSE00001681685|10196818|ENSEMBL:ENST00000667042
chr20|10104394|ENSE00001728322|3|ENSEMBL:ENSG00000227906|ENSE00001728322|10104286|ENSEMBL:ENST00000667042
chr20|10026648|ENSE00003866115|4|ENSEMBL:ENSG00000227906|ENSE00003866115|10024706|ENSEMBL:ENST00000667042
chr20|10035206|ENSE00003863293|1|ENSEMBL:ENSG00000227906|ENSE00003863293|10035157|ENSEMBL:ENST00000671416
chr20|10026648|ENSE00003883620|2|ENSEMBL:ENSG00000227906|ENSE00003883620|10024859|ENSEMBL:ENST00000671416
chr20|10035324|ENSE00001634575|1|ENSEMBL:ENSG00000227906|ENSE00001634575|10035157|ENSEMBL:ENST00000438646
chr20|10026648|ENSE00001794719|2|ENSEMBL:ENSG00000227906|ENSE00001794719|10026544|ENSEMBL:ENST00000438646
chr20|10026166|ENSE00001614403|3|ENSEMBL:ENSG00000227906|ENSE00001614403|10025616|ENSEMBL:ENST00000438646
chr20|10219335|ENSE00001601363|1|ENSEMBL:ENSG00000227906|ENSE00001601363|10219237|ENSEMBL:ENST00000656496
chr20|10104394|ENSE00001728322|2|ENSEMBL:ENSG00000227906|ENSE00001728322|10104286|ENSEMBL:ENST00000656496
chr20|10026648|ENSE00003881102|3|ENSEMBL:ENSG00000227906|ENSE00003881102|10025670|ENSEMBL:ENST00000656496
chr20|10368719|ENSE00001725549|1|ENSEMBL:ENSG00000227906|ENSE00001725549|10368715|ENSEMBL:ENST00000421143
chr20|10196937|ENSE00001681685|2|ENSEMBL:ENSG00000227906|ENSE00001681685|10196818|ENSEMBL:ENST00000421143
chr20|10104394|ENSE00001728322|3|ENSEMBL:ENSG00000227906|ENSE00001728322|10104286|ENSEMBL:ENST00000421143
chr20|10026648|ENSE00001775368|4|ENSEMBL:ENSG00000227906|ENSE00001775368|10026075|ENSEMBL:ENST00000421143
chr20|10219506|ENSE00001665651|1|ENSEMBL:ENSG00000227906|ENSE00001665651|10219237|ENSEMBL:ENST00000426491
chr20|10196937|ENSE00001681685|2|ENSEMBL:ENSG00000227906|ENSE00001681685|10196818|ENSEMBL:ENST00000426491
chr20|10104394|ENSE00001728322|3|ENSEMBL:ENSG00000227906|ENSE00001728322|10104286|ENSEMBL:ENST00000426491
chr20|10076913|ENSE00001750645|4|ENSEMBL:ENSG00000227906|ENSE00001750645|10076874|ENSEMBL:ENST00000426491
chr20|10074701|ENSE00001703794|5|ENSEMBL:ENSG00000227906|ENSE00001703794|10074437|ENSEMBL:ENST00000426491
chr20|10219526|ENSE00003881231|1|ENSEMBL:ENSG00000227906|ENSE00003881231|10219222|ENSEMBL:ENST00000605592
chr20|10196937|ENSE00001681685|2|ENSEMBL:ENSG00000227906|ENSE00001681685|10196818|ENSEMBL:ENST00000605592
chr20|10190152|ENSE00003877026|3|ENSEMBL:ENSG00000227906|ENSE00003877026|10190057|ENSEMBL:ENST00000605592
chr20|10104394|ENSE00001754406|4|ENSEMBL:ENSG00000227906|ENSE00001754406|10103727|ENSEMBL:ENST00000605592
chr20|10219531|ENSE00003858730|1|ENSEMBL:ENSG00000227906|ENSE00003858730|10219237|ENSEMBL:ENST00000451151
chr20|10196937|ENSE00001681685|2|ENSEMBL:ENSG00000227906|ENSE00001681685|10196818|ENSEMBL:ENST00000451151
chr20|10104394|ENSE00001754406|3|ENSEMBL:ENSG00000227906|ENSE00001754406|10103727|ENSEMBL:ENST00000451151
chr20|10219496|ENSE00003852538|1|ENSEMBL:ENSG00000227906|ENSE00003852538|10219237|ENSEMBL:ENST00000671453
chr20|10196937|ENSE00001681685|2|ENSEMBL:ENSG00000227906|ENSE00001681685|10196818|ENSEMBL:ENST00000671453
chr20|10190152|ENSE00003877026|3|ENSEMBL:ENSG00000227906|ENSE00003877026|10190057|ENSEMBL:ENST00000671453
chr20|10104394|ENSE00003860076|4|ENSEMBL:ENSG00000227906|ENSE00003860076|10103729|ENSEMBL:ENST00000671453
chr20|10368831|ENSE00003986099|1|ENSEMBL:ENSG00000227906|ENSE00003986099|10368715|ENSEMBL:ENST00000692436
chr20|10196937|ENSE00001681685|2|ENSEMBL:ENSG00000227906|ENSE00001681685|10196818|ENSEMBL:ENST00000692436
chr20|10104394|ENSE00003986098|3|ENSEMBL:ENSG00000227906|ENSE00003986098|10103926|ENSEMBL:ENST00000692436
chr20|10368776|ENSE00001597013|1|ENSEMBL:ENSG00000227906|ENSE00001597013|10368715|ENSEMBL:ENST00000453544
chr20|10231619|ENSE00001592231|2|ENSEMBL:ENSG00000227906|ENSE00001592231|10231484|ENSEMBL:ENST00000453544
chr20|10196937|ENSE00001681685|3|ENSEMBL:ENSG00000227906|ENSE00001681685|10196818|ENSEMBL:ENST00000453544
chr20|10104394|ENSE00001739430|4|ENSEMBL:ENSG00000227906|ENSE00001739430|10104345|ENSEMBL:ENST00000453544
chr20|10368815|ENSE00003982604|1|ENSEMBL:ENSG00000227906|ENSE00003982604|10368715|ENSEMBL:ENST00000701361
chr20|10333416|ENSE00003982603|2|ENSEMBL:ENSG00000227906|ENSE00003982603|10333029|ENSEMBL:ENST00000701361
chr20|10026168|ENSE00003742433|1|ENSEMBL:ENSG00000276525|ENSE00003742433|10025917|ENSEMBL:ENST00000614195
chr20|10172786|ENSE00003924063|1|ENSEMBL:ENSG00000132639|ENSE00003924063|10172395|ENSEMBL:ENST00000693732
chr20|10275563|ENSE00003935706|2|ENSEMBL:ENSG00000132639|ENSE00003935706|10275429|ENSEMBL:ENST00000693732
chr20|10277726|ENSE00003932023|3|ENSEMBL:ENSG00000132639|ENSE00003932023|10277685|ENSEMBL:ENST00000693732
chr20|10284772|ENSE00003929590|4|ENSEMBL:ENSG00000132639|ENSE00003929590|10284724|ENSEMBL:ENST00000693732
chr20|10290553|ENSE00003923457|5|ENSEMBL:ENSG00000132639|ENSE00003923457|10289178|ENSEMBL:ENST00000693732
chr20|10172786|ENSE00003924063|1|ENSEMBL:ENSG00000132639|ENSE00003924063|10172395|ENSEMBL:ENST00000689077
chr20|10275563|ENSE00003935706|2|ENSEMBL:ENSG00000132639|ENSE00003935706|10275429|ENSEMBL:ENST00000689077
chr20|10277726|ENSE00003932023|3|ENSEMBL:ENSG00000132639|ENSE00003932023|10277685|ENSEMBL:ENST00000689077
chr20|10284772|ENSE00003929590|4|ENSEMBL:ENSG00000132639|ENSE00003929590|10284724|ENSEMBL:ENST00000689077
chr20|10290601|ENSE00003926350|5|ENSEMBL:ENSG00000132639|ENSE00003926350|10289039|ENSEMBL:ENST00000689077
chr20|10172786|ENSE00003924063|1|ENSEMBL:ENSG00000132639|ENSE00003924063|10172395|ENSEMBL:ENST00000690099
chr20|10275563|ENSE00003935706|2|ENSEMBL:ENSG00000132639|ENSE00003935706|10275429|ENSEMBL:ENST00000690099
chr20|10277726|ENSE00003932023|3|ENSEMBL:ENSG00000132639|ENSE00003932023|10277685|ENSEMBL:ENST00000690099
chr20|10290632|ENSE00003922985|4|ENSEMBL:ENSG00000132639|ENSE00003922985|10284724|ENSEMBL:ENST00000690099
chr20|10172786|ENSE00003924063|1|ENSEMBL:ENSG00000132639|ENSE00003924063|10172395|ENSEMBL:ENST00000690766
chr20|10275563|ENSE00003935706|2|ENSEMBL:ENSG00000132639|ENSE00003935706|10275429|ENSEMBL:ENST00000690766
chr20|10277726|ENSE00003932023|3|ENSEMBL:ENSG00000132639|ENSE00003932023|10277685|ENSEMBL:ENST00000690766
chr20|10284772|ENSE00003929590|4|ENSEMBL:ENSG00000132639|ENSE00003929590|10284724|ENSEMBL:ENST00000690766
chr20|10294760|ENSE00003922880|5|ENSEMBL:ENSG00000132639|ENSE00003922880|10292882|ENSEMBL:ENST00000690766
chr20|10218977|ENSE00001206321|1|ENSEMBL:ENSG00000132639|ENSE00001206321|10218830|ENSEMBL:ENST00000254976
chr20|10275563|ENSE00001229068|2|ENSEMBL:ENSG00000132639|ENSE00001229068|10275429|ENSEMBL:ENST00000254976
chr20|10277726|ENSE00001017161|3|ENSEMBL:ENSG00000132639|ENSE00001017161|10277685|ENSEMBL:ENST00000254976
chr20|10284772|ENSE00000906745|4|ENSEMBL:ENSG00000132639|ENSE00000906745|10284724|ENSEMBL:ENST00000254976
chr20|10293278|ENSE00003785335|5|ENSEMBL:ENSG00000132639|ENSE00003785335|10293161|ENSEMBL:ENST00000254976
chr20|10297050|ENSE00000906747|6|ENSEMBL:ENSG00000132639|ENSE00000906747|10296925|ENSEMBL:ENST00000254976
chr20|10299412|ENSE00003460458|7|ENSEMBL:ENSG00000132639|ENSE00003460458|10299268|ENSEMBL:ENST00000254976
chr20|10307418|ENSE00003903928|8|ENSEMBL:ENSG00000132639|ENSE00003903928|10306129|ENSEMBL:ENST00000254976
chr20|10218977|ENSE00001206321|1|ENSEMBL:ENSG00000132639|ENSE00001206321|10218830|ENSEMBL:ENST00000691665
chr20|10234337|ENSE00003938704|2|ENSEMBL:ENSG00000132639|ENSE00003938704|10234211|ENSEMBL:ENST00000691665
chr20|10275563|ENSE00001229068|3|ENSEMBL:ENSG00000132639|ENSE00001229068|10275429|ENSEMBL:ENST00000691665
chr20|10277726|ENSE00001017161|4|ENSEMBL:ENSG00000132639|ENSE00001017161|10277685|ENSEMBL:ENST00000691665
chr20|10284772|ENSE00000906745|5|ENSEMBL:ENSG00000132639|ENSE00000906745|10284724|ENSEMBL:ENST00000691665
chr20|10293278|ENSE00003785335|6|ENSEMBL:ENSG00000132639|ENSE00003785335|10293161|ENSEMBL:ENST00000691665
chr20|10297050|ENSE00000906747|7|ENSEMBL:ENSG00000132639|ENSE00000906747|10296925|ENSEMBL:ENST00000691665
chr20|10299412|ENSE00003460458|8|ENSEMBL:ENSG00000132639|ENSE00003460458|10299268|ENSEMBL:ENST00000691665
chr20|10308258|ENSE00003932055|9|ENSEMBL:ENSG00000132639|ENSE00003932055|10306129|ENSEMBL:ENST00000691665
chr20|10218977|ENSE00001933809|1|ENSEMBL:ENSG00000132639|ENSE00001933809|10218833|ENSEMBL:ENST00000304886
chr20|10275563|ENSE00001229068|2|ENSEMBL:ENSG00000132639|ENSE00001229068|10275429|ENSEMBL:ENST00000304886
chr20|10277726|ENSE00001017161|3|ENSEMBL:ENSG00000132639|ENSE00001017161|10277685|ENSEMBL:ENST00000304886
chr20|10284772|ENSE00000906745|4|ENSEMBL:ENSG00000132639|ENSE00000906745|10284724|ENSEMBL:ENST00000304886
chr20|10292999|ENSE00001175340|5|ENSEMBL:ENSG00000132639|ENSE00001175340|10292882|ENSEMBL:ENST00000304886
chr20|10297050|ENSE00000906747|6|ENSEMBL:ENSG00000132639|ENSE00000906747|10296925|ENSEMBL:ENST00000304886
chr20|10299412|ENSE00003460458|7|ENSEMBL:ENSG00000132639|ENSE00003460458|10299268|ENSEMBL:ENST00000304886
chr20|10307418|ENSE00003903928|8|ENSEMBL:ENSG00000132639|ENSE00003903928|10306129|ENSEMBL:ENST00000304886
chr20|10218977|ENSE00003937803|1|ENSEMBL:ENSG00000132639|ENSE00003937803|10218857|ENSEMBL:ENST00000693325
chr20|10227438|ENSE00003930752|2|ENSEMBL:ENSG00000132639|ENSE00003930752|10227342|ENSEMBL:ENST00000693325
chr20|10275563|ENSE00001229068|3|ENSEMBL:ENSG00000132639|ENSE00001229068|10275429|ENSEMBL:ENST00000693325
chr20|10277726|ENSE00001017161|4|ENSEMBL:ENSG00000132639|ENSE00001017161|10277685|ENSEMBL:ENST00000693325
chr20|10284772|ENSE00000906745|5|ENSEMBL:ENSG00000132639|ENSE00000906745|10284724|ENSEMBL:ENST00000693325
chr20|10293278|ENSE00003785335|6|ENSEMBL:ENSG00000132639|ENSE00003785335|10293161|ENSEMBL:ENST00000693325
chr20|10297050|ENSE00000906747|7|ENSEMBL:ENSG00000132639|ENSE00000906747|10296925|ENSEMBL:ENST00000693325
chr20|10299412|ENSE00003460458|8|ENSEMBL:ENSG00000132639|ENSE00003460458|10299268|ENSEMBL:ENST00000693325
chr20|10308258|ENSE00003932055|9|ENSEMBL:ENSG00000132639|ENSE00003932055|10306129|ENSEMBL:ENST00000693325
chr20|10218977|ENSE00003938348|1|ENSEMBL:ENSG00000132639|ENSE00003938348|10218867|ENSEMBL:ENST00000689858
chr20|10244034|ENSE00003931924|2|ENSEMBL:ENSG00000132639|ENSE00003931924|10243975|ENSEMBL:ENST00000689858
chr20|10275563|ENSE00001229068|3|ENSEMBL:ENSG00000132639|ENSE00001229068|10275429|ENSEMBL:ENST00000689858
chr20|10277726|ENSE00001017161|4|ENSEMBL:ENSG00000132639|ENSE00001017161|10277685|ENSEMBL:ENST00000689858
chr20|10284772|ENSE00000906745|5|ENSEMBL:ENSG00000132639|ENSE00000906745|10284724|ENSEMBL:ENST00000689858
chr20|10293278|ENSE00003785335|6|ENSEMBL:ENSG00000132639|ENSE00003785335|10293161|ENSEMBL:ENST00000689858
chr20|10297050|ENSE00000906747|7|ENSEMBL:ENSG00000132639|ENSE00000906747|10296925|ENSEMBL:ENST00000689858
chr20|10299412|ENSE00003460458|8|ENSEMBL:ENSG00000132639|ENSE00003460458|10299268|ENSEMBL:ENST00000689858
chr20|10308258|ENSE00003932055|9|ENSEMBL:ENSG00000132639|ENSE00003932055|10306129|ENSEMBL:ENST00000689858
chr20|10218977|ENSE00003929914|1|ENSEMBL:ENSG00000132639|ENSE00003929914|10218874|ENSEMBL:ENST00000689757
chr20|10227438|ENSE00003930752|2|ENSEMBL:ENSG00000132639|ENSE00003930752|10227342|ENSEMBL:ENST00000689757
chr20|10259401|ENSE00003929477|3|ENSEMBL:ENSG00000132639|ENSE00003929477|10259357|ENSEMBL:ENST00000689757
chr20|10275563|ENSE00001229068|4|ENSEMBL:ENSG00000132639|ENSE00001229068|10275429|ENSEMBL:ENST00000689757
chr20|10277726|ENSE00001017161|5|ENSEMBL:ENSG00000132639|ENSE00001017161|10277685|ENSEMBL:ENST00000689757
chr20|10284772|ENSE00000906745|6|ENSEMBL:ENSG00000132639|ENSE00000906745|10284724|ENSEMBL:ENST00000689757
chr20|10293278|ENSE00003785335|7|ENSEMBL:ENSG00000132639|ENSE00003785335|10293161|ENSEMBL:ENST00000689757
chr20|10297050|ENSE00000906747|8|ENSEMBL:ENSG00000132639|ENSE00000906747|10296925|ENSEMBL:ENST00000689757
chr20|10299412|ENSE00003460458|9|ENSEMBL:ENSG00000132639|ENSE00003460458|10299268|ENSEMBL:ENST00000689757
chr20|10308258|ENSE00003932055|10|ENSEMBL:ENSG00000132639|ENSE00003932055|10306129|ENSEMBL:ENST00000689757
chr20|10218977|ENSE00003935344|1|ENSEMBL:ENSG00000132639|ENSE00003935344|10218881|ENSEMBL:ENST00000685131
chr20|10238026|ENSE00003922605|2|ENSEMBL:ENSG00000132639|ENSE00003922605|10238007|ENSEMBL:ENST00000685131
chr20|10275563|ENSE00001229068|3|ENSEMBL:ENSG00000132639|ENSE00001229068|10275429|ENSEMBL:ENST00000685131
chr20|10277726|ENSE00001017161|4|ENSEMBL:ENSG00000132639|ENSE00001017161|10277685|ENSEMBL:ENST00000685131
chr20|10284772|ENSE00000906745|5|ENSEMBL:ENSG00000132639|ENSE00000906745|10284724|ENSEMBL:ENST00000685131
chr20|10293278|ENSE00003785335|6|ENSEMBL:ENSG00000132639|ENSE00003785335|10293161|ENSEMBL:ENST00000685131
chr20|10297050|ENSE00000906747|7|ENSEMBL:ENSG00000132639|ENSE00000906747|10296925|ENSEMBL:ENST00000685131
chr20|10299412|ENSE00003460458|8|ENSEMBL:ENSG00000132639|ENSE00003460458|10299268|ENSEMBL:ENST00000685131
chr20|10308258|ENSE00003932055|9|ENSEMBL:ENSG00000132639|ENSE00003932055|10306129|ENSEMBL:ENST00000685131
chr20|10218977|ENSE00003936932|1|ENSEMBL:ENSG00000132639|ENSE00003936932|10218882|ENSEMBL:ENST00000689248
chr20|10244893|ENSE00001652934|2|ENSEMBL:ENSG00000132639|ENSE00001652934|10244752|ENSEMBL:ENST00000689248
chr20|10252582|ENSE00003925820|3|ENSEMBL:ENSG00000132639|ENSE00003925820|10247582|ENSEMBL:ENST00000689248
chr20|10218977|ENSE00003929884|1|ENSEMBL:ENSG00000132639|ENSE00003929884|10218885|ENSEMBL:ENST00000687785
chr20|10244034|ENSE00003931924|2|ENSEMBL:ENSG00000132639|ENSE00003931924|10243975|ENSEMBL:ENST00000687785
chr20|10244893|ENSE00003927490|3|ENSEMBL:ENSG00000132639|ENSE00003927490|10244776|ENSEMBL:ENST00000687785
chr20|10275563|ENSE00001229068|4|ENSEMBL:ENSG00000132639|ENSE00001229068|10275429|ENSEMBL:ENST00000687785
chr20|10277726|ENSE00001017161|5|ENSEMBL:ENSG00000132639|ENSE00001017161|10277685|ENSEMBL:ENST00000687785
chr20|10284772|ENSE00000906745|6|ENSEMBL:ENSG00000132639|ENSE00000906745|10284724|ENSEMBL:ENST00000687785
chr20|10293278|ENSE00003785335|7|ENSEMBL:ENSG00000132639|ENSE00003785335|10293161|ENSEMBL:ENST00000687785
chr20|10297050|ENSE00000906747|8|ENSEMBL:ENSG00000132639|ENSE00000906747|10296925|ENSEMBL:ENST00000687785
chr20|10299412|ENSE00003460458|9|ENSEMBL:ENSG00000132639|ENSE00003460458|10299268|ENSEMBL:ENST00000687785
chr20|10308258|ENSE00003932055|10|ENSEMBL:ENSG00000132639|ENSE00003932055|10306129|ENSEMBL:ENST00000687785
chr20|10218977|ENSE00003923966|1|ENSEMBL:ENSG00000132639|ENSE00003923966|10218910|ENSEMBL:ENST00000691161
chr20|10226780|ENSE00003924038|2|ENSEMBL:ENSG00000132639|ENSE00003924038|10226678|ENSEMBL:ENST00000691161
chr20|10227438|ENSE00003925206|3|ENSEMBL:ENSG00000132639|ENSE00003925206|10227287|ENSEMBL:ENST00000691161
chr20|10275563|ENSE00001229068|4|ENSEMBL:ENSG00000132639|ENSE00001229068|10275429|ENSEMBL:ENST00000691161
chr20|10277726|ENSE00001017161|5|ENSEMBL:ENSG00000132639|ENSE00001017161|10277685|ENSEMBL:ENST00000691161
chr20|10284772|ENSE00000906745|6|ENSEMBL:ENSG00000132639|ENSE00000906745|10284724|ENSEMBL:ENST00000691161
chr20|10293278|ENSE00003785335|7|ENSEMBL:ENSG00000132639|ENSE00003785335|10293161|ENSEMBL:ENST00000691161
chr20|10297050|ENSE00000906747|8|ENSEMBL:ENSG00000132639|ENSE00000906747|10296925|ENSEMBL:ENST00000691161
chr20|10299412|ENSE00003460458|9|ENSEMBL:ENSG00000132639|ENSE00003460458|10299268|ENSEMBL:ENST00000691161
chr20|10308258|ENSE00003932055|10|ENSEMBL:ENSG00000132639|ENSE00003932055|10306129|ENSEMBL:ENST00000691161
chr20|10218977|ENSE00003938028|1|ENSEMBL:ENSG00000132639|ENSE00003938028|10218926|ENSEMBL:ENST00000692411
chr20|10261315|ENSE00003926338|2|ENSEMBL:ENSG00000132639|ENSE00003926338|10261231|ENSEMBL:ENST00000692411
chr20|10275563|ENSE00001229068|3|ENSEMBL:ENSG00000132639|ENSE00001229068|10275429|ENSEMBL:ENST00000692411
chr20|10277726|ENSE00001017161|4|ENSEMBL:ENSG00000132639|ENSE00001017161|10277685|ENSEMBL:ENST00000692411
chr20|10284772|ENSE00000906745|5|ENSEMBL:ENSG00000132639|ENSE00000906745|10284724|ENSEMBL:ENST00000692411
chr20|10293278|ENSE00003785335|6|ENSEMBL:ENSG00000132639|ENSE00003785335|10293161|ENSEMBL:ENST00000692411
chr20|10297050|ENSE00000906747|7|ENSEMBL:ENSG00000132639|ENSE00000906747|10296925|ENSEMBL:ENST00000692411
chr20|10299412|ENSE00003460458|8|ENSEMBL:ENSG00000132639|ENSE00003460458|10299268|ENSEMBL:ENST00000692411
chr20|10308258|ENSE00003932055|9|ENSEMBL:ENSG00000132639|ENSE00003932055|10306129|ENSEMBL:ENST00000692411
chr20|10218977|ENSE00003926208|1|ENSEMBL:ENSG00000132639|ENSE00003926208|10218928|ENSEMBL:ENST00000690812
chr20|10244034|ENSE00003931924|2|ENSEMBL:ENSG00000132639|ENSE00003931924|10243975|ENSEMBL:ENST00000690812
chr20|10259401|ENSE00003929477|3|ENSEMBL:ENSG00000132639|ENSE00003929477|10259357|ENSEMBL:ENST00000690812
chr20|10275563|ENSE00001229068|4|ENSEMBL:ENSG00000132639|ENSE00001229068|10275429|ENSEMBL:ENST00000690812
chr20|10277726|ENSE00001017161|5|ENSEMBL:ENSG00000132639|ENSE00001017161|10277685|ENSEMBL:ENST00000690812
chr20|10284772|ENSE00000906745|6|ENSEMBL:ENSG00000132639|ENSE00000906745|10284724|ENSEMBL:ENST00000690812
chr20|10293278|ENSE00003785335|7|ENSEMBL:ENSG00000132639|ENSE00003785335|10293161|ENSEMBL:ENST00000690812
chr20|10297050|ENSE00000906747|8|ENSEMBL:ENSG00000132639|ENSE00000906747|10296925|ENSEMBL:ENST00000690812
chr20|10299412|ENSE00003460458|9|ENSEMBL:ENSG00000132639|ENSE00003460458|10299268|ENSEMBL:ENST00000690812
chr20|10308258|ENSE00003932055|10|ENSEMBL:ENSG00000132639|ENSE00003932055|10306129|ENSEMBL:ENST00000690812
chr20|10219213|ENSE00001696180|1|ENSEMBL:ENSG00000132639|ENSE00001696180|10219066|ENSEMBL:ENST00000430336
chr20|10275563|ENSE00001229068|2|ENSEMBL:ENSG00000132639|ENSE00001229068|10275429|ENSEMBL:ENST00000430336
chr20|10277726|ENSE00001017161|3|ENSEMBL:ENSG00000132639|ENSE00001017161|10277685|ENSEMBL:ENST00000430336
chr20|10284772|ENSE00000906745|4|ENSEMBL:ENSG00000132639|ENSE00000906745|10284724|ENSEMBL:ENST00000430336
chr20|10293278|ENSE00003785335|5|ENSEMBL:ENSG00000132639|ENSE00003785335|10293161|ENSEMBL:ENST00000430336
chr20|10219213|ENSE00003995341|1|ENSEMBL:ENSG00000132639|ENSE00003995341|10219159|ENSEMBL:ENST00000706269
chr20|10275563|ENSE00001229068|2|ENSEMBL:ENSG00000132639|ENSE00001229068|10275429|ENSEMBL:ENST00000706269
chr20|10277726|ENSE00001017161|3|ENSEMBL:ENSG00000132639|ENSE00001017161|10277685|ENSEMBL:ENST00000706269
chr20|10284772|ENSE00000906745|4|ENSEMBL:ENSG00000132639|ENSE00000906745|10284724|ENSEMBL:ENST00000706269
chr20|10292999|ENSE00001175340|5|ENSEMBL:ENSG00000132639|ENSE00001175340|10292882|ENSEMBL:ENST00000706269
chr20|10297050|ENSE00000906747|6|ENSEMBL:ENSG00000132639|ENSE00000906747|10296925|ENSEMBL:ENST00000706269
chr20|10299412|ENSE00003460458|7|ENSEMBL:ENSG00000132639|ENSE00003460458|10299268|ENSEMBL:ENST00000706269
chr20|10307418|ENSE00003903928|8|ENSEMBL:ENSG00000132639|ENSE00003903928|10306129|ENSEMBL:ENST00000706269
chr20|10219213|ENSE00003995341|1|ENSEMBL:ENSG00000132639|ENSE00003995341|10219159|ENSEMBL:ENST00000691353
chr20|10265677|ENSE00003929179|2|ENSEMBL:ENSG00000132639|ENSE00003929179|10265479|ENSEMBL:ENST00000691353
chr20|10275563|ENSE00001229068|3|ENSEMBL:ENSG00000132639|ENSE00001229068|10275429|ENSEMBL:ENST00000691353
chr20|10277726|ENSE00001017161|4|ENSEMBL:ENSG00000132639|ENSE00001017161|10277685|ENSEMBL:ENST00000691353
chr20|10284772|ENSE00000906745|5|ENSEMBL:ENSG00000132639|ENSE00000906745|10284724|ENSEMBL:ENST00000691353
chr20|10293278|ENSE00003785335|6|ENSEMBL:ENSG00000132639|ENSE00003785335|10293161|ENSEMBL:ENST00000691353
chr20|10297050|ENSE00000906747|7|ENSEMBL:ENSG00000132639|ENSE00000906747|10296925|ENSEMBL:ENST00000691353
chr20|10299412|ENSE00003460458|8|ENSEMBL:ENSG00000132639|ENSE00003460458|10299268|ENSEMBL:ENST00000691353
chr20|10308258|ENSE00003932055|9|ENSEMBL:ENSG00000132639|ENSE00003932055|10306129|ENSEMBL:ENST00000691353
chr20|10275563|ENSE00001915379|1|ENSEMBL:ENSG00000132639|ENSE00001915379|10275519|ENSEMBL:ENST00000492814
chr20|10278069|ENSE00001906405|2|ENSEMBL:ENSG00000132639|ENSE00001906405|10277685|ENSEMBL:ENST00000492814
chr20|10284772|ENSE00003934562|1|ENSEMBL:ENSG00000132639|ENSE00003934562|10282382|ENSEMBL:ENST00000692697
chr20|10293278|ENSE00003927437|2|ENSEMBL:ENSG00000132639|ENSE00003927437|10293161|ENSEMBL:ENST00000692697
chr20|10297050|ENSE00003932083|3|ENSEMBL:ENSG00000132639|ENSE00003932083|10296925|ENSEMBL:ENST00000692697
chr20|10299412|ENSE00003613126|4|ENSEMBL:ENSG00000132639|ENSE00003613126|10299268|ENSEMBL:ENST00000692697
chr20|10308234|ENSE00003926442|5|ENSEMBL:ENSG00000132639|ENSE00003926442|10306129|ENSEMBL:ENST00000692697
chr20|10284772|ENSE00003929590|1|ENSEMBL:ENSG00000132639|ENSE00003929590|10284724|ENSEMBL:ENST00000689723
chr20|10292999|ENSE00003934001|2|ENSEMBL:ENSG00000132639|ENSE00003934001|10292882|ENSEMBL:ENST00000689723
chr20|10294761|ENSE00003926832|3|ENSEMBL:ENSG00000132639|ENSE00003926832|10293161|ENSEMBL:ENST00000689723
chr20|10297050|ENSE00001895053|1|ENSEMBL:ENSG00000132639|ENSE00001895053|10296230|ENSEMBL:ENST00000495883
chr20|10299412|ENSE00003613126|2|ENSEMBL:ENSG00000132639|ENSE00003613126|10299268|ENSEMBL:ENST00000495883
chr20|10307418|ENSE00003654926|3|ENSEMBL:ENSG00000132639|ENSE00003654926|10306129|ENSEMBL:ENST00000495883
chr20|10172786|ENSE00003873940|1|ENSEMBL:ENSG00000230506|ENSE00003873940|10172522|ENSEMBL:ENST00000662058
chr20|10173744|ENSE00003851487|2|ENSEMBL:ENSG00000230506|ENSE00003851487|10173512|ENSEMBL:ENST00000662058
chr20|10196939|ENSE00003859992|3|ENSEMBL:ENSG00000230506|ENSE00003859992|10196867|ENSEMBL:ENST00000662058
chr20|10200824|ENSE00003872006|4|ENSEMBL:ENSG00000230506|ENSE00003872006|10200469|ENSEMBL:ENST00000662058
chr20|10173744|ENSE00001608914|1|ENSEMBL:ENSG00000230506|ENSE00001608914|10173520|ENSEMBL:ENST00000424931
chr20|10196990|ENSE00001619967|2|ENSEMBL:ENSG00000230506|ENSE00001619967|10196867|ENSEMBL:ENST00000424931
chr20|10172786|ENSE00003874991|1|ENSEMBL:ENSG00000232448|ENSE00003874991|10172701|ENSEMBL:ENST00000666915
chr20|10181769|ENSE00001647669|2|ENSEMBL:ENSG00000232448|ENSE00001647669|10181638|ENSEMBL:ENST00000666915
chr20|10186740|ENSE00001683989|3|ENSEMBL:ENSG00000232448|ENSE00001683989|10185569|ENSEMBL:ENST00000666915
chr20|10180341|ENSE00001614061|1|ENSEMBL:ENSG00000232448|ENSE00001614061|10180162|ENSEMBL:ENST00000458004
chr20|10181769|ENSE00001647669|2|ENSEMBL:ENSG00000232448|ENSE00001647669|10181638|ENSEMBL:ENST00000458004
chr20|10186740|ENSE00001683989|3|ENSEMBL:ENSG00000232448|ENSE00001683989|10185569|ENSEMBL:ENST00000458004
chr20|10309905|ENSE00003933716|1|ENSEMBL:ENSG00000289505|ENSE00003933716|10308422|ENSEMBL:ENST00000688853
chr20|10318753|ENSE00003853619|1|ENSEMBL:ENSG00000286936|ENSE00003853619|10318229|ENSEMBL:ENST00000664194
chr20|10318123|ENSE00003857864|2|ENSEMBL:ENSG00000286936|ENSE00003857864|10317889|ENSEMBL:ENST00000664194
chr20|10334698|ENSE00001767706|1|ENSEMBL:ENSG00000237005|ENSE00001767706|10334419|ENSEMBL:ENST00000416198
chr20|10349628|ENSE00001802131|1|ENSEMBL:ENSG00000214835|ENSE00001802131|10349157|ENSEMBL:ENST00000446637
chr20|10387806|ENSE00001793827|1|ENSEMBL:ENSG00000230750|ENSE00001793827|10385779|ENSEMBL:ENST00000441308
chr20|10434222|ENSE00001206258|1|ENSEMBL:ENSG00000125863|ENSE00001206258|10434108|ENSEMBL:ENST00000347364
chr20|10420758|ENSE00001226222|2|ENSEMBL:ENSG00000125863|ENSE00001226222|10420528|ENSEMBL:ENST00000347364
chr20|10413931|ENSE00001206284|3|ENSEMBL:ENSG00000125863|ENSE00001206284|10412530|ENSEMBL:ENST00000347364
chr20|10408803|ENSE00000859109|4|ENSEMBL:ENSG00000125863|ENSE00000859109|10408628|ENSEMBL:ENST00000347364
chr20|10407726|ENSE00000859107|5|ENSEMBL:ENSG00000125863|ENSE00000859107|10407616|ENSEMBL:ENST00000347364
chr20|10405687|ENSE00002622723|6|ENSEMBL:ENSG00000125863|ENSE00002622723|10401009|ENSEMBL:ENST00000347364
chr20|10434214|ENSE00003847811|1|ENSEMBL:ENSG00000125863|ENSE00003847811|10434108|ENSEMBL:ENST00000651692
chr20|10428816|ENSE00003848616|2|ENSEMBL:ENSG00000125863|ENSE00003848616|10428730|ENSEMBL:ENST00000651692
chr20|10420758|ENSE00001226222|3|ENSEMBL:ENSG00000125863|ENSE00001226222|10420528|ENSEMBL:ENST00000651692
chr20|10413931|ENSE00001206284|4|ENSEMBL:ENSG00000125863|ENSE00001206284|10412530|ENSEMBL:ENST00000651692
chr20|10408803|ENSE00000859109|5|ENSEMBL:ENSG00000125863|ENSE00000859109|10408628|ENSEMBL:ENST00000651692
chr20|10407726|ENSE00000859107|6|ENSEMBL:ENSG00000125863|ENSE00000859107|10407616|ENSEMBL:ENST00000651692
chr20|10405687|ENSE00003849165|7|ENSEMBL:ENSG00000125863|ENSE00003849165|10401621|ENSEMBL:ENST00000651692
chr20|10434198|ENSE00003849903|1|ENSEMBL:ENSG00000125863|ENSE00003849903|10434108|ENSEMBL:ENST00000652676
chr20|10420758|ENSE00001226222|2|ENSEMBL:ENSG00000125863|ENSE00001226222|10420528|ENSEMBL:ENST00000652676
chr20|10413931|ENSE00003842046|3|ENSEMBL:ENSG00000125863|ENSE00003842046|10413796|ENSEMBL:ENST00000652676
chr20|10412700|ENSE00003850923|4|ENSEMBL:ENSG00000125863|ENSE00003850923|10412530|ENSEMBL:ENST00000652676
chr20|10408803|ENSE00003849188|5|ENSEMBL:ENSG00000125863|ENSE00003849188|10408628|ENSEMBL:ENST00000652676
chr20|10407726|ENSE00003844874|6|ENSEMBL:ENSG00000125863|ENSE00003844874|10407616|ENSEMBL:ENST00000652676
chr20|10405687|ENSE00003849235|7|ENSEMBL:ENSG00000125863|ENSE00003849235|10404935|ENSEMBL:ENST00000652676
chr20|10431922|ENSE00003827883|1|ENSEMBL:ENSG00000125863|ENSE00003827883|10431684|ENSEMBL:ENST00000399054
chr20|10420758|ENSE00001226222|2|ENSEMBL:ENSG00000125863|ENSE00001226222|10420528|ENSEMBL:ENST00000399054
chr20|10413931|ENSE00001206284|3|ENSEMBL:ENSG00000125863|ENSE00001206284|10412530|ENSEMBL:ENST00000399054
chr20|10408803|ENSE00000859109|4|ENSEMBL:ENSG00000125863|ENSE00000859109|10408628|ENSEMBL:ENST00000399054
chr20|10407726|ENSE00000859107|5|ENSEMBL:ENSG00000125863|ENSE00000859107|10407616|ENSEMBL:ENST00000399054
chr20|10405687|ENSE00001393546|6|ENSEMBL:ENSG00000125863|ENSE00001393546|10405184|ENSEMBL:ENST00000399054
chr20|10431922|ENSE00003825583|1|ENSEMBL:ENSG00000285508|ENSE00003825583|10431684|ENSEMBL:ENST00000609375
chr20|10420758|ENSE00003801745|2|ENSEMBL:ENSG00000285508|ENSE00003801745|10420528|ENSEMBL:ENST00000609375
chr20|10413931|ENSE00003709741|3|ENSEMBL:ENSG00000285508|ENSE00003709741|10413520|ENSEMBL:ENST00000609375
chr20|10420737|ENSE00003835955|1|ENSEMBL:ENSG00000285723|ENSE00003835955|10420546|ENSEMBL:ENST00000649912
chr20|10435453|ENSE00001536204|1|ENSEMBL:ENSG00000149346|ENSE00001536204|10435305|ENSEMBL:ENST00000334534
chr20|10458231|ENSE00001175305|2|ENSEMBL:ENSG00000149346|ENSE00001175305|10458176|ENSEMBL:ENST00000334534
chr20|10556320|ENSE00000906751|3|ENSEMBL:ENSG00000149346|ENSE00000906751|10556231|ENSEMBL:ENST00000334534
chr20|10560820|ENSE00000906752|4|ENSEMBL:ENSG00000149346|ENSE00000906752|10560700|ENSEMBL:ENST00000334534
chr20|10598752|ENSE00000990116|5|ENSEMBL:ENSG00000149346|ENSE00000990116|10598675|ENSEMBL:ENST00000334534
chr20|10601819|ENSE00000990117|6|ENSEMBL:ENSG00000149346|ENSE00000990117|10601731|ENSEMBL:ENST00000334534
chr20|10621414|ENSE00000990108|7|ENSEMBL:ENSG00000149346|ENSE00000990108|10621314|ENSEMBL:ENST00000334534
chr20|10628030|ENSE00001386017|8|ENSEMBL:ENSG00000149346|ENSE00001386017|10622659|ENSEMBL:ENST00000334534
chr20|10598752|ENSE00000990116|1|ENSEMBL:ENSG00000149346|ENSE00000990116|10598675|ENSEMBL:ENST00000488816
chr20|10601819|ENSE00000990117|2|ENSEMBL:ENSG00000149346|ENSE00000990117|10601731|ENSEMBL:ENST00000488816
chr20|10636438|ENSE00001934609|3|ENSEMBL:ENSG00000149346|ENSE00001934609|10636296|ENSEMBL:ENST00000488816
chr20|10636829|ENSE00001875483|4|ENSEMBL:ENSG00000149346|ENSE00001875483|10636543|ENSEMBL:ENST00000488816
chr20|10614229|ENSE00001740569|1|ENSEMBL:ENSG00000235036|ENSE00001740569|10612861|ENSEMBL:ENST00000456064
chr20|10673999|ENSE00001871530|1|ENSEMBL:ENSG00000101384|ENSE00001871530|10673450|ENSEMBL:ENST00000254958
chr20|10673006|ENSE00001607073|2|ENSEMBL:ENSG00000101384|ENSE00001607073|10672701|ENSEMBL:ENST00000254958
chr20|10664014|ENSE00001678466|3|ENSEMBL:ENSG00000101384|ENSE00001678466|10663963|ENSEMBL:ENST00000254958
chr20|10658722|ENSE00003654366|4|ENSEMBL:ENSG00000101384|ENSE00003654366|10658468|ENSEMBL:ENST00000254958
chr20|10656458|ENSE00003730021|5|ENSEMBL:ENSG00000101384|ENSE00003730021|10656398|ENSEMBL:ENST00000254958
chr20|10652598|ENSE00003752659|6|ENSEMBL:ENSG00000101384|ENSE00003752659|10652468|ENSEMBL:ENST00000254958
chr20|10652250|ENSE00003716574|7|ENSEMBL:ENSG00000101384|ENSE00003716574|10652131|ENSEMBL:ENST00000254958
chr20|10651694|ENSE00003716776|8|ENSEMBL:ENSG00000101384|ENSE00003716776|10651581|ENSEMBL:ENST00000254958
chr20|10650360|ENSE00003732500|9|ENSEMBL:ENSG00000101384|ENSE00003732500|10650247|ENSEMBL:ENST00000254958
chr20|10649635|ENSE00003743785|10|ENSEMBL:ENSG00000101384|ENSE00003743785|10649522|ENSEMBL:ENST00000254958
chr20|10649107|ENSE00003740814|11|ENSEMBL:ENSG00000101384|ENSE00003740814|10649061|ENSEMBL:ENST00000254958
chr20|10648722|ENSE00003730345|12|ENSEMBL:ENSG00000101384|ENSE00003730345|10648549|ENSEMBL:ENST00000254958
chr20|10648110|ENSE00003751289|13|ENSEMBL:ENSG00000101384|ENSE00003751289|10647960|ENSEMBL:ENST00000254958
chr20|10647103|ENSE00003726426|14|ENSEMBL:ENSG00000101384|ENSE00003726426|10646939|ENSEMBL:ENST00000254958
chr20|10646084|ENSE00003752831|15|ENSEMBL:ENSG00000101384|ENSE00003752831|10645971|ENSEMBL:ENST00000254958
chr20|10645469|ENSE00003468001|16|ENSEMBL:ENSG00000101384|ENSE00003468001|10645356|ENSEMBL:ENST00000254958
chr20|10645256|ENSE00001800294|17|ENSEMBL:ENSG00000101384|ENSE00001800294|10645143|ENSEMBL:ENST00000254958
chr20|10644979|ENSE00003726125|18|ENSEMBL:ENSG00000101384|ENSE00003726125|10644863|ENSEMBL:ENST00000254958
chr20|10644384|ENSE00003723778|19|ENSEMBL:ENSG00000101384|ENSE00003723778|10644357|ENSEMBL:ENST00000254958
chr20|10643863|ENSE00003718897|20|ENSEMBL:ENSG00000101384|ENSE00003718897|10643778|ENSEMBL:ENST00000254958
chr20|10642601|ENSE00003739154|21|ENSEMBL:ENSG00000101384|ENSE00003739154|10642488|ENSEMBL:ENST00000254958
chr20|10641892|ENSE00003730865|22|ENSEMBL:ENSG00000101384|ENSE00003730865|10641783|ENSEMBL:ENST00000254958
chr20|10641693|ENSE00003725851|23|ENSEMBL:ENSG00000101384|ENSE00003725851|10641460|ENSEMBL:ENST00000254958
chr20|10641244|ENSE00003753136|24|ENSEMBL:ENSG00000101384|ENSE00003753136|10641113|ENSEMBL:ENST00000254958
chr20|10640933|ENSE00003723870|25|ENSEMBL:ENSG00000101384|ENSE00003723870|10640783|ENSEMBL:ENST00000254958
chr20|10639955|ENSE00000859115|26|ENSEMBL:ENSG00000101384|ENSE00000859115|10637684|ENSEMBL:ENST00000254958
chr20|10662506|ENSE00002266505|1|ENSEMBL:ENSG00000101384|ENSE00002266505|10662202|ENSEMBL:ENST00000423891
chr20|10658722|ENSE00003562795|2|ENSEMBL:ENSG00000101384|ENSE00003562795|10658468|ENSEMBL:ENST00000423891
chr20|10656458|ENSE00003725473|3|ENSEMBL:ENSG00000101384|ENSE00003725473|10656398|ENSEMBL:ENST00000423891
chr20|10652598|ENSE00003752389|4|ENSEMBL:ENSG00000101384|ENSE00003752389|10652468|ENSEMBL:ENST00000423891
chr20|10652250|ENSE00003711846|5|ENSEMBL:ENSG00000101384|ENSE00003711846|10652131|ENSEMBL:ENST00000423891
chr20|10651694|ENSE00003738831|6|ENSEMBL:ENSG00000101384|ENSE00003738831|10651581|ENSEMBL:ENST00000423891
chr20|10650360|ENSE00003711951|7|ENSEMBL:ENSG00000101384|ENSE00003711951|10650247|ENSEMBL:ENST00000423891
chr20|10649635|ENSE00003754249|8|ENSEMBL:ENSG00000101384|ENSE00003754249|10649522|ENSEMBL:ENST00000423891
chr20|10649107|ENSE00003736899|9|ENSEMBL:ENSG00000101384|ENSE00003736899|10649061|ENSEMBL:ENST00000423891
chr20|10648722|ENSE00003723791|10|ENSEMBL:ENSG00000101384|ENSE00003723791|10648549|ENSEMBL:ENST00000423891
chr20|10648110|ENSE00003729400|11|ENSEMBL:ENSG00000101384|ENSE00003729400|10647960|ENSEMBL:ENST00000423891
chr20|10647103|ENSE00003726466|12|ENSEMBL:ENSG00000101384|ENSE00003726466|10646939|ENSEMBL:ENST00000423891
chr20|10646084|ENSE00003721051|13|ENSEMBL:ENSG00000101384|ENSE00003721051|10645971|ENSEMBL:ENST00000423891
chr20|10645469|ENSE00003476877|14|ENSEMBL:ENSG00000101384|ENSE00003476877|10645356|ENSEMBL:ENST00000423891
chr20|10645256|ENSE00001947663|15|ENSEMBL:ENSG00000101384|ENSE00001947663|10645143|ENSEMBL:ENST00000423891
chr20|10644979|ENSE00003752952|16|ENSEMBL:ENSG00000101384|ENSE00003752952|10644863|ENSEMBL:ENST00000423891
chr20|10644384|ENSE00003751763|17|ENSEMBL:ENSG00000101384|ENSE00003751763|10644357|ENSEMBL:ENST00000423891
chr20|10643863|ENSE00003738310|18|ENSEMBL:ENSG00000101384|ENSE00003738310|10643778|ENSEMBL:ENST00000423891
chr20|10642601|ENSE00003715657|19|ENSEMBL:ENSG00000101384|ENSE00003715657|10642488|ENSEMBL:ENST00000423891
chr20|10641892|ENSE00003734938|20|ENSEMBL:ENSG00000101384|ENSE00003734938|10641783|ENSEMBL:ENST00000423891
chr20|10641693|ENSE00003724911|21|ENSEMBL:ENSG00000101384|ENSE00003724911|10641460|ENSEMBL:ENST00000423891
chr20|10641244|ENSE00003752773|22|ENSEMBL:ENSG00000101384|ENSE00003752773|10641113|ENSEMBL:ENST00000423891
chr20|10640933|ENSE00003729300|23|ENSEMBL:ENSG00000101384|ENSE00003729300|10640783|ENSEMBL:ENST00000423891
chr20|10639955|ENSE00002257575|24|ENSEMBL:ENSG00000101384|ENSE00002257575|10639472|ENSEMBL:ENST00000423891
chr20|10637967|ENSE00002258678|25|ENSEMBL:ENSG00000101384|ENSE00002258678|10637759|ENSEMBL:ENST00000423891
chr20|10641276|ENSE00003753571|1|ENSEMBL:ENSG00000101384|ENSE00003753571|10640783|ENSEMBL:ENST00000617357
chr20|10639955|ENSE00003728662|2|ENSEMBL:ENSG00000101384|ENSE00003728662|10639870|ENSEMBL:ENST00000617357
chr20|10652722|ENSE00003716834|1|ENSEMBL:ENSG00000101384|ENSE00003716834|10652468|ENSEMBL:ENST00000617965
chr20|10652250|ENSE00003711846|2|ENSEMBL:ENSG00000101384|ENSE00003711846|10652131|ENSEMBL:ENST00000617965
chr20|10651694|ENSE00003747697|3|ENSEMBL:ENSG00000101384|ENSE00003747697|10650247|ENSEMBL:ENST00000617965
chr20|10649635|ENSE00003754249|4|ENSEMBL:ENSG00000101384|ENSE00003754249|10649522|ENSEMBL:ENST00000617965
chr20|10649107|ENSE00003736899|5|ENSEMBL:ENSG00000101384|ENSE00003736899|10649061|ENSEMBL:ENST00000617965
chr20|10648722|ENSE00003723791|6|ENSEMBL:ENSG00000101384|ENSE00003723791|10648549|ENSEMBL:ENST00000617965
chr20|10648110|ENSE00003729400|7|ENSEMBL:ENSG00000101384|ENSE00003729400|10647960|ENSEMBL:ENST00000617965
chr20|10647103|ENSE00003726466|8|ENSEMBL:ENSG00000101384|ENSE00003726466|10646939|ENSEMBL:ENST00000617965
chr20|10646084|ENSE00003721051|9|ENSEMBL:ENSG00000101384|ENSE00003721051|10645971|ENSEMBL:ENST00000617965
chr20|10645469|ENSE00003476877|10|ENSEMBL:ENSG00000101384|ENSE00003476877|10645356|ENSEMBL:ENST00000617965
chr20|10645256|ENSE00001947663|11|ENSEMBL:ENSG00000101384|ENSE00001947663|10645143|ENSEMBL:ENST00000617965
chr20|10644979|ENSE00003752952|12|ENSEMBL:ENSG00000101384|ENSE00003752952|10644863|ENSEMBL:ENST00000617965
chr20|10644384|ENSE00003751763|13|ENSEMBL:ENSG00000101384|ENSE00003751763|10644357|ENSEMBL:ENST00000617965
chr20|10643863|ENSE00003738310|14|ENSEMBL:ENSG00000101384|ENSE00003738310|10643778|ENSEMBL:ENST00000617965
chr20|10642601|ENSE00003715657|15|ENSEMBL:ENSG00000101384|ENSE00003715657|10642488|ENSEMBL:ENST00000617965
chr20|10641892|ENSE00003734938|16|ENSEMBL:ENSG00000101384|ENSE00003734938|10641783|ENSEMBL:ENST00000617965
chr20|10641693|ENSE00003828191|17|ENSEMBL:ENSG00000101384|ENSE00003828191|10641580|ENSEMBL:ENST00000617965
chr20|10646366|ENSE00001836353|1|ENSEMBL:ENSG00000101384|ENSE00001836353|10645971|ENSEMBL:ENST00000488480
chr20|10645469|ENSE00003476877|2|ENSEMBL:ENSG00000101384|ENSE00003476877|10645356|ENSEMBL:ENST00000488480
chr20|10645256|ENSE00001947663|3|ENSEMBL:ENSG00000101384|ENSE00001947663|10645143|ENSEMBL:ENST00000488480
chr20|10644979|ENSE00003731586|4|ENSEMBL:ENSG00000101384|ENSE00003731586|10644443|ENSEMBL:ENST00000488480
chr20|10647312|ENSE00003725675|1|ENSEMBL:ENSG00000101384|ENSE00003725675|10646939|ENSEMBL:ENST00000612857
chr20|10646084|ENSE00003721051|2|ENSEMBL:ENSG00000101384|ENSE00003721051|10645971|ENSEMBL:ENST00000612857
chr20|10645469|ENSE00003744709|3|ENSEMBL:ENSG00000101384|ENSE00003744709|10645372|ENSEMBL:ENST00000612857
chr20|10648028|ENSE00003744083|1|ENSEMBL:ENSG00000101384|ENSE00003744083|10647960|ENSEMBL:ENST00000613518
chr20|10647103|ENSE00003726426|2|ENSEMBL:ENSG00000101384|ENSE00003726426|10646939|ENSEMBL:ENST00000613518
chr20|10646084|ENSE00003730281|3|ENSEMBL:ENSG00000101384|ENSE00003730281|10645722|ENSEMBL:ENST00000613518
chr20|10650257|ENSE00003735344|1|ENSEMBL:ENSG00000101384|ENSE00003735344|10650247|ENSEMBL:ENST00000622545
chr20|10649635|ENSE00003743785|2|ENSEMBL:ENSG00000101384|ENSE00003743785|10649522|ENSEMBL:ENST00000622545
chr20|10649107|ENSE00003740814|3|ENSEMBL:ENSG00000101384|ENSE00003740814|10649061|ENSEMBL:ENST00000622545
chr20|10648676|ENSE00003749652|4|ENSEMBL:ENSG00000101384|ENSE00003749652|10648549|ENSEMBL:ENST00000622545
chr20|10648110|ENSE00003729400|5|ENSEMBL:ENSG00000101384|ENSE00003729400|10647960|ENSEMBL:ENST00000622545
chr20|10647103|ENSE00003729173|6|ENSEMBL:ENSG00000101384|ENSE00003729173|10647048|ENSEMBL:ENST00000622545
chr20|10649588|ENSE00003713741|1|ENSEMBL:ENSG00000101384|ENSE00003713741|10649522|ENSEMBL:ENST00000620743
chr20|10649107|ENSE00003746960|2|ENSEMBL:ENSG00000101384|ENSE00003746960|10648549|ENSEMBL:ENST00000620743
chr20|10648110|ENSE00003713855|3|ENSEMBL:ENSG00000101384|ENSE00003713855|10647981|ENSEMBL:ENST00000620743
chr20|10649695|ENSE00003715622|1|ENSEMBL:ENSG00000273745|ENSE00003715622|10649636|ENSEMBL:ENST00000615931
chr20|10673025|ENSE00003861187|1|ENSEMBL:ENSG00000270792|ENSE00003861187|10672695|ENSEMBL:ENST00000667822
chr20|10910124|ENSE00003873762|2|ENSEMBL:ENSG00000270792|ENSE00003873762|10908826|ENSEMBL:ENST00000667822
chr20|10673025|ENSE00003458222|1|ENSEMBL:ENSG00000270792|ENSE00003458222|10672928|ENSEMBL:ENST00000605292
chr20|10908879|ENSE00003545135|2|ENSEMBL:ENSG00000270792|ENSE00003545135|10908826|ENSEMBL:ENST00000605292
chr20|10909289|ENSE00003580146|3|ENSEMBL:ENSG00000270792|ENSE00003580146|10909156|ENSEMBL:ENST00000605292
chr20|10913160|ENSE00003613946|4|ENSEMBL:ENSG00000270792|ENSE00003613946|10913008|ENSEMBL:ENST00000605292
chr20|10991642|ENSE00003468243|5|ENSEMBL:ENSG00000270792|ENSE00003468243|10991598|ENSEMBL:ENST00000605292
chr20|10902302|ENSE00003559695|1|ENSEMBL:ENSG00000270792|ENSE00003559695|10902284|ENSEMBL:ENST00000603462
chr20|10908879|ENSE00003545135|2|ENSEMBL:ENSG00000270792|ENSE00003545135|10908826|ENSEMBL:ENST00000603462
chr20|10909289|ENSE00003580146|3|ENSEMBL:ENSG00000270792|ENSE00003580146|10909156|ENSEMBL:ENST00000603462
chr20|10913160|ENSE00003613946|4|ENSEMBL:ENSG00000270792|ENSE00003613946|10913008|ENSEMBL:ENST00000603462
chr20|10914535|ENSE00003561083|5|ENSEMBL:ENSG00000270792|ENSE00003561083|10914404|ENSEMBL:ENST00000603462
chr20|10986757|ENSE00003572304|1|ENSEMBL:ENSG00000270792|ENSE00003572304|10986675|ENSEMBL:ENST00000603180
chr20|10987531|ENSE00003599363|2|ENSEMBL:ENSG00000270792|ENSE00003599363|10987464|ENSEMBL:ENST00000603180
chr20|10988173|ENSE00003650185|3|ENSEMBL:ENSG00000270792|ENSE00003650185|10988105|ENSEMBL:ENST00000603180
chr20|10991935|ENSE00003489426|4|ENSEMBL:ENSG00000270792|ENSE00003489426|10991598|ENSEMBL:ENST00000603180
chr20|10986757|ENSE00003572304|1|ENSEMBL:ENSG00000270792|ENSE00003572304|10986675|ENSEMBL:ENST00000603985
chr20|10991935|ENSE00003489426|2|ENSEMBL:ENSG00000270792|ENSE00003489426|10991598|ENSEMBL:ENST00000603985
chr20|10994924|ENSE00003465834|3|ENSEMBL:ENSG00000270792|ENSE00003465834|10994794|ENSEMBL:ENST00000603985
chr20|10697127|ENSE00003849837|1|ENSEMBL:ENSG00000224961|ENSE00003849837|10696949|ENSEMBL:ENST00000417299
chr20|10697579|ENSE00003844430|2|ENSEMBL:ENSG00000224961|ENSE00003844430|10697462|ENSEMBL:ENST00000417299
chr20|10753145|ENSE00001591895|3|ENSEMBL:ENSG00000224961|ENSE00001591895|10753031|ENSEMBL:ENST00000417299
chr20|10754027|ENSE00001676850|4|ENSEMBL:ENSG00000224961|ENSE00001676850|10753585|ENSEMBL:ENST00000417299
chr20|10747214|ENSE00003887550|1|ENSEMBL:ENSG00000224961|ENSE00003887550|10747145|ENSEMBL:ENST00000654385
chr20|10753145|ENSE00001591895|2|ENSEMBL:ENSG00000224961|ENSE00001591895|10753031|ENSEMBL:ENST00000654385
chr20|10754033|ENSE00003877610|3|ENSEMBL:ENSG00000224961|ENSE00003877610|10753585|ENSEMBL:ENST00000654385
chr20|10765286|ENSE00001593087|1|ENSEMBL:ENSG00000234900|ENSE00001593087|10765170|ENSEMBL:ENST00000418690
chr20|10761535|ENSE00001757717|2|ENSEMBL:ENSG00000234900|ENSE00001757717|10761311|ENSEMBL:ENST00000418690
chr20|10753664|ENSE00001603450|3|ENSEMBL:ENSG00000234900|ENSE00001603450|10753278|ENSEMBL:ENST00000418690
chr20|10909279|ENSE00003857611|1|ENSEMBL:ENSG00000232900|ENSE00003857611|10908966|ENSEMBL:ENST00000448859
chr20|10897167|ENSE00001647316|2|ENSEMBL:ENSG00000232900|ENSE00001647316|10897106|ENSEMBL:ENST00000448859
chr20|10896400|ENSE00001755268|3|ENSEMBL:ENSG00000232900|ENSE00001755268|10896015|ENSEMBL:ENST00000448859
chr20|10894862|ENSE00001696451|4|ENSEMBL:ENSG00000232900|ENSE00001696451|10894616|ENSEMBL:ENST00000448859
chr20|10894020|ENSE00001632701|5|ENSEMBL:ENSG00000232900|ENSE00001632701|10893965|ENSEMBL:ENST00000448859
chr20|10878373|ENSE00001635626|6|ENSEMBL:ENSG00000232900|ENSE00001635626|10878324|ENSEMBL:ENST00000448859
chr20|10876230|ENSE00001762794|7|ENSEMBL:ENSG00000232900|ENSE00001762794|10875333|ENSEMBL:ENST00000448859
chr20|10897162|ENSE00003869063|1|ENSEMBL:ENSG00000232900|ENSE00003869063|10897106|ENSEMBL:ENST00000668688
chr20|10896400|ENSE00001755268|2|ENSEMBL:ENSG00000232900|ENSE00001755268|10896015|ENSEMBL:ENST00000668688
chr20|10894862|ENSE00001696451|3|ENSEMBL:ENSG00000232900|ENSE00001696451|10894616|ENSEMBL:ENST00000668688
chr20|10894020|ENSE00001632701|4|ENSEMBL:ENSG00000232900|ENSE00001632701|10893965|ENSEMBL:ENST00000668688
chr20|10884690|ENSE00003884654|5|ENSEMBL:ENSG00000232900|ENSE00003884654|10884486|ENSEMBL:ENST00000668688
chr20|10878373|ENSE00001635626|6|ENSEMBL:ENSG00000232900|ENSE00001635626|10878324|ENSEMBL:ENST00000668688
chr20|10876230|ENSE00003863115|7|ENSEMBL:ENSG00000232900|ENSE00003863115|10875921|ENSEMBL:ENST00000668688
chr20|10909272|ENSE00001717296|1|ENSEMBL:ENSG00000232900|ENSE00001717296|10908966|ENSEMBL:ENST00000654048
chr20|10897167|ENSE00001647316|2|ENSEMBL:ENSG00000232900|ENSE00001647316|10897106|ENSEMBL:ENST00000654048
chr20|10896400|ENSE00001755268|3|ENSEMBL:ENSG00000232900|ENSE00001755268|10896015|ENSEMBL:ENST00000654048
chr20|10894844|ENSE00003875940|4|ENSEMBL:ENSG00000232900|ENSE00003875940|10894616|ENSEMBL:ENST00000654048
chr20|10894020|ENSE00001632701|5|ENSEMBL:ENSG00000232900|ENSE00001632701|10893965|ENSEMBL:ENST00000654048
chr20|10878373|ENSE00001635626|6|ENSEMBL:ENSG00000232900|ENSE00001635626|10878324|ENSEMBL:ENST00000654048
chr20|10876230|ENSE00003863115|7|ENSEMBL:ENSG00000232900|ENSE00003863115|10875921|ENSEMBL:ENST00000654048
chr20|10909272|ENSE00001717296|1|ENSEMBL:ENSG00000232900|ENSE00001717296|10908966|ENSEMBL:ENST00000665099
chr20|10908401|ENSE00003855578|2|ENSEMBL:ENSG00000232900|ENSE00003855578|10908360|ENSEMBL:ENST00000665099
chr20|10908250|ENSE00003869211|3|ENSEMBL:ENSG00000232900|ENSE00003869211|10908206|ENSEMBL:ENST00000665099
chr20|10897167|ENSE00001647316|4|ENSEMBL:ENSG00000232900|ENSE00001647316|10897106|ENSEMBL:ENST00000665099
chr20|10896400|ENSE00001755268|5|ENSEMBL:ENSG00000232900|ENSE00001755268|10896015|ENSEMBL:ENST00000665099
chr20|10894862|ENSE00001696451|6|ENSEMBL:ENSG00000232900|ENSE00001696451|10894616|ENSEMBL:ENST00000665099
chr20|10894020|ENSE00001632701|7|ENSEMBL:ENSG00000232900|ENSE00001632701|10893965|ENSEMBL:ENST00000665099
chr20|10878373|ENSE00001635626|8|ENSEMBL:ENSG00000232900|ENSE00001635626|10878324|ENSEMBL:ENST00000665099
chr20|10876230|ENSE00003863115|9|ENSEMBL:ENSG00000232900|ENSE00003863115|10875921|ENSEMBL:ENST00000665099
chr20|10909272|ENSE00001717296|1|ENSEMBL:ENSG00000232900|ENSE00001717296|10908966|ENSEMBL:ENST00000657181
chr20|10908401|ENSE00003855578|2|ENSEMBL:ENSG00000232900|ENSE00003855578|10908360|ENSEMBL:ENST00000657181
chr20|10908250|ENSE00003869211|3|ENSEMBL:ENSG00000232900|ENSE00003869211|10908206|ENSEMBL:ENST00000657181
chr20|10907641|ENSE00003885077|4|ENSEMBL:ENSG00000232900|ENSE00003885077|10907579|ENSEMBL:ENST00000657181
chr20|10897167|ENSE00001647316|5|ENSEMBL:ENSG00000232900|ENSE00001647316|10897106|ENSEMBL:ENST00000657181
chr20|10896400|ENSE00001755268|6|ENSEMBL:ENSG00000232900|ENSE00001755268|10896015|ENSEMBL:ENST00000657181
chr20|10894844|ENSE00003875940|7|ENSEMBL:ENSG00000232900|ENSE00003875940|10894616|ENSEMBL:ENST00000657181
chr20|10894020|ENSE00001632701|8|ENSEMBL:ENSG00000232900|ENSE00001632701|10893965|ENSEMBL:ENST00000657181
chr20|10878373|ENSE00001635626|9|ENSEMBL:ENSG00000232900|ENSE00001635626|10878324|ENSEMBL:ENST00000657181
chr20|10876230|ENSE00003863115|10|ENSEMBL:ENSG00000232900|ENSE00003863115|10875921|ENSEMBL:ENST00000657181
chr20|10909272|ENSE00001717296|1|ENSEMBL:ENSG00000232900|ENSE00001717296|10908966|ENSEMBL:ENST00000667238
chr20|10897167|ENSE00001647316|2|ENSEMBL:ENSG00000232900|ENSE00001647316|10897106|ENSEMBL:ENST00000667238
chr20|10896400|ENSE00001755268|3|ENSEMBL:ENSG00000232900|ENSE00001755268|10896015|ENSEMBL:ENST00000667238
chr20|10894844|ENSE00003875940|4|ENSEMBL:ENSG00000232900|ENSE00003875940|10894616|ENSEMBL:ENST00000667238
chr20|10894020|ENSE00001632701|5|ENSEMBL:ENSG00000232900|ENSE00001632701|10893965|ENSEMBL:ENST00000667238
chr20|10884690|ENSE00003884654|6|ENSEMBL:ENSG00000232900|ENSE00003884654|10884486|ENSEMBL:ENST00000667238
chr20|10878373|ENSE00001635626|7|ENSEMBL:ENSG00000232900|ENSE00001635626|10878324|ENSEMBL:ENST00000667238
chr20|10876230|ENSE00003863115|8|ENSEMBL:ENSG00000232900|ENSE00003863115|10875921|ENSEMBL:ENST00000667238
chr20|10909279|ENSE00003857611|1|ENSEMBL:ENSG00000232900|ENSE00003857611|10908966|ENSEMBL:ENST00000666969
chr20|10894844|ENSE00003875940|2|ENSEMBL:ENSG00000232900|ENSE00003875940|10894616|ENSEMBL:ENST00000666969
chr20|10894020|ENSE00001632701|3|ENSEMBL:ENSG00000232900|ENSE00001632701|10893965|ENSEMBL:ENST00000666969
chr20|10878373|ENSE00001635626|4|ENSEMBL:ENSG00000232900|ENSE00001635626|10878324|ENSEMBL:ENST00000666969
chr20|10876230|ENSE00003859374|5|ENSEMBL:ENSG00000232900|ENSE00003859374|10875971|ENSEMBL:ENST00000666969
chr20|10909272|ENSE00001717296|1|ENSEMBL:ENSG00000232900|ENSE00001717296|10908966|ENSEMBL:ENST00000660168
chr20|10907641|ENSE00003885077|2|ENSEMBL:ENSG00000232900|ENSE00003885077|10907579|ENSEMBL:ENST00000660168
chr20|10897167|ENSE00001647316|3|ENSEMBL:ENSG00000232900|ENSE00001647316|10897106|ENSEMBL:ENST00000660168
chr20|10896400|ENSE00001755268|4|ENSEMBL:ENSG00000232900|ENSE00001755268|10896015|ENSEMBL:ENST00000660168
chr20|10894844|ENSE00003875940|5|ENSEMBL:ENSG00000232900|ENSE00003875940|10894616|ENSEMBL:ENST00000660168
chr20|10894020|ENSE00001632701|6|ENSEMBL:ENSG00000232900|ENSE00001632701|10893965|ENSEMBL:ENST00000660168
chr20|10878373|ENSE00001635626|7|ENSEMBL:ENSG00000232900|ENSE00001635626|10878324|ENSEMBL:ENST00000660168
chr20|10876230|ENSE00003883781|8|ENSEMBL:ENSG00000232900|ENSE00003883781|10875978|ENSEMBL:ENST00000660168
chr20|10909267|ENSE00003854327|1|ENSEMBL:ENSG00000232900|ENSE00003854327|10908966|ENSEMBL:ENST00000663948
chr20|10897167|ENSE00001647316|2|ENSEMBL:ENSG00000232900|ENSE00001647316|10897106|ENSEMBL:ENST00000663948
chr20|10896400|ENSE00001755268|3|ENSEMBL:ENSG00000232900|ENSE00001755268|10896015|ENSEMBL:ENST00000663948
chr20|10894844|ENSE00003875940|4|ENSEMBL:ENSG00000232900|ENSE00003875940|10894616|ENSEMBL:ENST00000663948
chr20|10884690|ENSE00003877860|5|ENSEMBL:ENSG00000232900|ENSE00003877860|10884311|ENSEMBL:ENST00000663948
chr20|10896321|ENSE00003852067|1|ENSEMBL:ENSG00000232900|ENSE00003852067|10896015|ENSEMBL:ENST00000653164
chr20|10894844|ENSE00003875940|2|ENSEMBL:ENSG00000232900|ENSE00003875940|10894616|ENSEMBL:ENST00000653164
chr20|10894020|ENSE00001632701|3|ENSEMBL:ENSG00000232900|ENSE00001632701|10893965|ENSEMBL:ENST00000653164
chr20|10890280|ENSE00003858965|4|ENSEMBL:ENSG00000232900|ENSE00003858965|10890179|ENSEMBL:ENST00000653164
chr20|10890049|ENSE00003855791|5|ENSEMBL:ENSG00000232900|ENSE00003855791|10889949|ENSEMBL:ENST00000653164
chr20|10909272|ENSE00001717296|1|ENSEMBL:ENSG00000232900|ENSE00001717296|10908966|ENSEMBL:ENST00000655050
chr20|10897167|ENSE00001647316|2|ENSEMBL:ENSG00000232900|ENSE00001647316|10897106|ENSEMBL:ENST00000655050
chr20|10896400|ENSE00001755268|3|ENSEMBL:ENSG00000232900|ENSE00001755268|10896015|ENSEMBL:ENST00000655050
chr20|10894844|ENSE00003875940|4|ENSEMBL:ENSG00000232900|ENSE00003875940|10894616|ENSEMBL:ENST00000655050
chr20|10894020|ENSE00001632701|5|ENSEMBL:ENSG00000232900|ENSE00001632701|10893965|ENSEMBL:ENST00000655050
chr20|10890280|ENSE00003874230|6|ENSEMBL:ENSG00000232900|ENSE00003874230|10889949|ENSEMBL:ENST00000655050
chr20|10909267|ENSE00003854327|1|ENSEMBL:ENSG00000232900|ENSE00003854327|10908966|ENSEMBL:ENST00000655890
chr20|10908401|ENSE00003855578|2|ENSEMBL:ENSG00000232900|ENSE00003855578|10908360|ENSEMBL:ENST00000655890
chr20|10908250|ENSE00003869211|3|ENSEMBL:ENSG00000232900|ENSE00003869211|10908206|ENSEMBL:ENST00000655890
chr20|10907641|ENSE00003885077|4|ENSEMBL:ENSG00000232900|ENSE00003885077|10907579|ENSEMBL:ENST00000655890
chr20|10897167|ENSE00001647316|5|ENSEMBL:ENSG00000232900|ENSE00001647316|10897106|ENSEMBL:ENST00000655890
chr20|10896400|ENSE00001755268|6|ENSEMBL:ENSG00000232900|ENSE00001755268|10896015|ENSEMBL:ENST00000655890
chr20|10894862|ENSE00001696451|7|ENSEMBL:ENSG00000232900|ENSE00001696451|10894616|ENSEMBL:ENST00000655890
chr20|10894020|ENSE00001632701|8|ENSEMBL:ENSG00000232900|ENSE00001632701|10893965|ENSEMBL:ENST00000655890
chr20|10890280|ENSE00003858785|9|ENSEMBL:ENSG00000232900|ENSE00003858785|10889953|ENSEMBL:ENST00000655890
chr20|10909234|ENSE00003868539|1|ENSEMBL:ENSG00000232900|ENSE00003868539|10908966|ENSEMBL:ENST00000656902
chr20|10897167|ENSE00001647316|2|ENSEMBL:ENSG00000232900|ENSE00001647316|10897106|ENSEMBL:ENST00000656902
chr20|10896400|ENSE00001755268|3|ENSEMBL:ENSG00000232900|ENSE00001755268|10896015|ENSEMBL:ENST00000656902
chr20|10894862|ENSE00001696451|4|ENSEMBL:ENSG00000232900|ENSE00001696451|10894616|ENSEMBL:ENST00000656902
chr20|10894020|ENSE00003862729|5|ENSEMBL:ENSG00000232900|ENSE00003862729|10893915|ENSEMBL:ENST00000656902
chr20|10909277|ENSE00003880039|1|ENSEMBL:ENSG00000232900|ENSE00003880039|10908966|ENSEMBL:ENST00000653414
chr20|10908401|ENSE00003855578|2|ENSEMBL:ENSG00000232900|ENSE00003855578|10908360|ENSEMBL:ENST00000653414
chr20|10908250|ENSE00003869211|3|ENSEMBL:ENSG00000232900|ENSE00003869211|10908206|ENSEMBL:ENST00000653414
chr20|10907641|ENSE00003885077|4|ENSEMBL:ENSG00000232900|ENSE00003885077|10907579|ENSEMBL:ENST00000653414
chr20|10897167|ENSE00001647316|5|ENSEMBL:ENSG00000232900|ENSE00001647316|10897106|ENSEMBL:ENST00000653414
chr20|10896400|ENSE00001755268|6|ENSEMBL:ENSG00000232900|ENSE00001755268|10896015|ENSEMBL:ENST00000653414
chr20|10894844|ENSE00003875940|7|ENSEMBL:ENSG00000232900|ENSE00003875940|10894616|ENSEMBL:ENST00000653414
chr20|10894020|ENSE00003862729|8|ENSEMBL:ENSG00000232900|ENSE00003862729|10893915|ENSEMBL:ENST00000653414
chr20|10909272|ENSE00001717296|1|ENSEMBL:ENSG00000232900|ENSE00001717296|10908966|ENSEMBL:ENST00000656524
chr20|10907641|ENSE00003885077|2|ENSEMBL:ENSG00000232900|ENSE00003885077|10907579|ENSEMBL:ENST00000656524
chr20|10897167|ENSE00001647316|3|ENSEMBL:ENSG00000232900|ENSE00001647316|10897106|ENSEMBL:ENST00000656524
chr20|10896400|ENSE00001755268|4|ENSEMBL:ENSG00000232900|ENSE00001755268|10896015|ENSEMBL:ENST00000656524
chr20|10894862|ENSE00001696451|5|ENSEMBL:ENSG00000232900|ENSE00001696451|10894616|ENSEMBL:ENST00000656524
chr20|10894020|ENSE00003879076|6|ENSEMBL:ENSG00000232900|ENSE00003879076|10893917|ENSEMBL:ENST00000656524
chr20|10909272|ENSE00001717296|1|ENSEMBL:ENSG00000232900|ENSE00001717296|10908966|ENSEMBL:ENST00000665608
chr20|10908401|ENSE00003855578|2|ENSEMBL:ENSG00000232900|ENSE00003855578|10908360|ENSEMBL:ENST00000665608
chr20|10908250|ENSE00003869211|3|ENSEMBL:ENSG00000232900|ENSE00003869211|10908206|ENSEMBL:ENST00000665608
chr20|10907641|ENSE00003885077|4|ENSEMBL:ENSG00000232900|ENSE00003885077|10907579|ENSEMBL:ENST00000665608
chr20|10897167|ENSE00001647316|5|ENSEMBL:ENSG00000232900|ENSE00001647316|10897106|ENSEMBL:ENST00000665608
chr20|10896400|ENSE00001755268|6|ENSEMBL:ENSG00000232900|ENSE00001755268|10896015|ENSEMBL:ENST00000665608
chr20|10894862|ENSE00001696451|7|ENSEMBL:ENSG00000232900|ENSE00001696451|10894616|ENSEMBL:ENST00000665608
chr20|10894020|ENSE00003879076|8|ENSEMBL:ENSG00000232900|ENSE00003879076|10893917|ENSEMBL:ENST00000665608
chr20|10909272|ENSE00001717296|1|ENSEMBL:ENSG00000232900|ENSE00001717296|10908966|ENSEMBL:ENST00000662420
chr20|10897167|ENSE00001647316|2|ENSEMBL:ENSG00000232900|ENSE00001647316|10897106|ENSEMBL:ENST00000662420
chr20|10896400|ENSE00001755268|3|ENSEMBL:ENSG00000232900|ENSE00001755268|10896015|ENSEMBL:ENST00000662420
chr20|10894844|ENSE00003875940|4|ENSEMBL:ENSG00000232900|ENSE00003875940|10894616|ENSEMBL:ENST00000662420
chr20|10894020|ENSE00003879076|5|ENSEMBL:ENSG00000232900|ENSE00003879076|10893917|ENSEMBL:ENST00000662420
chr20|10909277|ENSE00003880039|1|ENSEMBL:ENSG00000232900|ENSE00003880039|10908966|ENSEMBL:ENST00000657238
chr20|10907641|ENSE00003885077|2|ENSEMBL:ENSG00000232900|ENSE00003885077|10907579|ENSEMBL:ENST00000657238
chr20|10897167|ENSE00001647316|3|ENSEMBL:ENSG00000232900|ENSE00001647316|10897106|ENSEMBL:ENST00000657238
chr20|10896400|ENSE00001755268|4|ENSEMBL:ENSG00000232900|ENSE00001755268|10896015|ENSEMBL:ENST00000657238
chr20|10894844|ENSE00003875940|5|ENSEMBL:ENSG00000232900|ENSE00003875940|10894616|ENSEMBL:ENST00000657238
chr20|10894020|ENSE00003879076|6|ENSEMBL:ENSG00000232900|ENSE00003879076|10893917|ENSEMBL:ENST00000657238
chr20|10909279|ENSE00003857611|1|ENSEMBL:ENSG00000232900|ENSE00003857611|10908966|ENSEMBL:ENST00000663360
chr20|10908401|ENSE00003855578|2|ENSEMBL:ENSG00000232900|ENSE00003855578|10908360|ENSEMBL:ENST00000663360
chr20|10908250|ENSE00003869211|3|ENSEMBL:ENSG00000232900|ENSE00003869211|10908206|ENSEMBL:ENST00000663360
chr20|10897167|ENSE00001647316|4|ENSEMBL:ENSG00000232900|ENSE00001647316|10897106|ENSEMBL:ENST00000663360
chr20|10896400|ENSE00001755268|5|ENSEMBL:ENSG00000232900|ENSE00001755268|10896015|ENSEMBL:ENST00000663360
chr20|10894844|ENSE00003875940|6|ENSEMBL:ENSG00000232900|ENSE00003875940|10894616|ENSEMBL:ENST00000663360
chr20|10894020|ENSE00003879076|7|ENSEMBL:ENSG00000232900|ENSE00003879076|10893917|ENSEMBL:ENST00000663360
chr20|10889088|ENSE00001554708|1|ENSEMBL:ENSG00000217809|ENSE00001554708|10888582|ENSEMBL:ENST00000406588
chr20|10996539|ENSE00003878601|1|ENSEMBL:ENSG00000125899|ENSE00003878601|10996293|ENSEMBL:ENST00000659767
chr20|10998698|ENSE00003872201|2|ENSEMBL:ENSG00000125899|ENSE00003872201|10998321|ENSEMBL:ENST00000659767
chr20|11027906|ENSE00001476839|3|ENSEMBL:ENSG00000125899|ENSE00001476839|11027751|ENSEMBL:ENST00000659767
chr20|11028284|ENSE00001476835|4|ENSEMBL:ENSG00000125899|ENSE00001476835|11028162|ENSEMBL:ENST00000659767
chr20|11029455|ENSE00003885250|5|ENSEMBL:ENSG00000125899|ENSE00003885250|11029191|ENSEMBL:ENST00000659767
chr20|10998698|ENSE00003861121|1|ENSEMBL:ENSG00000125899|ENSE00003861121|10998587|ENSEMBL:ENST00000662726
chr20|11001281|ENSE00003877876|2|ENSEMBL:ENSG00000125899|ENSE00003877876|11000760|ENSEMBL:ENST00000662726
chr20|11026574|ENSE00003873246|3|ENSEMBL:ENSG00000125899|ENSE00003873246|11026445|ENSEMBL:ENST00000662726
chr20|11027906|ENSE00001476839|4|ENSEMBL:ENSG00000125899|ENSE00001476839|11027751|ENSEMBL:ENST00000662726
chr20|11028284|ENSE00001476835|5|ENSEMBL:ENSG00000125899|ENSE00001476835|11028162|ENSEMBL:ENST00000662726
chr20|11029366|ENSE00001476832|6|ENSEMBL:ENSG00000125899|ENSE00001476832|11029191|ENSEMBL:ENST00000662726
chr20|11026574|ENSE00003859684|1|ENSEMBL:ENSG00000125899|ENSE00003859684|11026443|ENSEMBL:ENST00000378252
chr20|11027906|ENSE00001476839|2|ENSEMBL:ENSG00000125899|ENSE00001476839|11027751|ENSEMBL:ENST00000378252
chr20|11028284|ENSE00001476835|3|ENSEMBL:ENSG00000125899|ENSE00001476835|11028162|ENSEMBL:ENST00000378252
chr20|11029455|ENSE00003885250|4|ENSEMBL:ENSG00000125899|ENSE00003885250|11029191|ENSEMBL:ENST00000378252
chr20|11001763|ENSE00003468041|1|ENSEMBL:ENSG00000270777|ENSE00003468041|11001304|ENSEMBL:ENST00000605338
chr20|11301525|ENSE00001714632|1|ENSEMBL:ENSG00000230990|ENSE00001714632|11301440|ENSEMBL:ENST00000444792
chr20|11294734|ENSE00001791334|2|ENSEMBL:ENSG00000230990|ENSE00001791334|11294636|ENSEMBL:ENST00000444792
chr20|11286779|ENSE00001604695|3|ENSEMBL:ENSG00000230990|ENSE00001604695|11286662|ENSEMBL:ENST00000444792
chr20|11273383|ENSE00001675896|4|ENSEMBL:ENSG00000230990|ENSE00001675896|11273334|ENSEMBL:ENST00000444792
chr20|11271283|ENSE00001715569|5|ENSEMBL:ENSG00000230990|ENSE00001715569|11271205|ENSEMBL:ENST00000444792
chr20|11270678|ENSE00001743391|6|ENSEMBL:ENSG00000230990|ENSE00001743391|11270259|ENSEMBL:ENST00000444792
chr20|11268882|ENSE00001766527|7|ENSEMBL:ENSG00000230990|ENSE00001766527|11268750|ENSEMBL:ENST00000444792
chr20|11234289|ENSE00001669309|8|ENSEMBL:ENSG00000230990|ENSE00001669309|11234170|ENSEMBL:ENST00000444792
chr20|11273385|ENSE00003875227|1|ENSEMBL:ENSG00000230990|ENSE00003875227|11273334|ENSEMBL:ENST00000666460
chr20|11268882|ENSE00001766527|2|ENSEMBL:ENSG00000230990|ENSE00001766527|11268750|ENSEMBL:ENST00000666460
chr20|11265429|ENSE00003877932|3|ENSEMBL:ENSG00000230990|ENSE00003877932|11264944|ENSEMBL:ENST00000666460
chr20|11273404|ENSE00003857464|1|ENSEMBL:ENSG00000230990|ENSE00003857464|11273334|ENSEMBL:ENST00000412405
chr20|11268882|ENSE00001766527|2|ENSEMBL:ENSG00000230990|ENSE00001766527|11268750|ENSEMBL:ENST00000412405
chr20|11266443|ENSE00001663715|3|ENSEMBL:ENSG00000230990|ENSE00001663715|11264950|ENSEMBL:ENST00000412405
chr20|11273401|ENSE00003851374|1|ENSEMBL:ENSG00000230990|ENSE00003851374|11273334|ENSEMBL:ENST00000667330
chr20|11268882|ENSE00001766527|2|ENSEMBL:ENSG00000230990|ENSE00001766527|11268750|ENSEMBL:ENST00000667330
chr20|11267368|ENSE00003869675|3|ENSEMBL:ENSG00000230990|ENSE00003869675|11266661|ENSEMBL:ENST00000667330
chr20|11345855|ENSE00001656386|1|ENSEMBL:ENSG00000235544|ENSE00001656386|11345383|ENSEMBL:ENST00000451072
chr20|11541647|ENSE00003779473|1|ENSEMBL:ENSG00000282478|ENSE00003779473|11541487|ENSEMBL:ENST00000632608
chr20|11540564|ENSE00003782240|2|ENSEMBL:ENSG00000282478|ENSE00003782240|11540461|ENSEMBL:ENST00000632608
chr20|11536435|ENSE00003777435|3|ENSEMBL:ENSG00000282478|ENSE00003777435|11536406|ENSEMBL:ENST00000632608
chr20|11581335|ENSE00003865904|1|ENSEMBL:ENSG00000287754|ENSE00003865904|11581118|ENSEMBL:ENST00000661821
chr20|11579485|ENSE00003880904|2|ENSEMBL:ENSG00000287754|ENSE00003880904|11579232|ENSEMBL:ENST00000661821
chr20|11569582|ENSE00003867358|3|ENSEMBL:ENSG00000287754|ENSE00003867358|11566484|ENSEMBL:ENST00000661821
chr20|11609048|ENSE00003597548|1|ENSEMBL:ENSG00000271397|ENSE00003597548|11608436|ENSEMBL:ENST00000603272
chr20|11621477|ENSE00001610804|1|ENSEMBL:ENSG00000237256|ENSE00001610804|11621051|ENSEMBL:ENST00000437662
chr20|11687323|ENSE00002585488|1|ENSEMBL:ENSG00000261411|ENSE00002585488|11685144|ENSEMBL:ENST00000569833
chr20|11810426|ENSE00002572773|1|ENSEMBL:ENSG00000228422|ENSE00002572773|11810180|ENSEMBL:ENST00000558175
chr20|11800911|ENSE00002571549|2|ENSEMBL:ENSG00000228422|ENSE00002571549|11800463|ENSEMBL:ENST00000558175
chr20|11827689|ENSE00003868655|1|ENSEMBL:ENSG00000228422|ENSE00003868655|11827287|ENSEMBL:ENST00000663254
chr20|11810439|ENSE00001782602|2|ENSEMBL:ENSG00000228422|ENSE00001782602|11809987|ENSEMBL:ENST00000663254
chr20|11869034|ENSE00003852653|1|ENSEMBL:ENSG00000228422|ENSE00003852653|11868968|ENSEMBL:ENST00000659465
chr20|11810439|ENSE00001782602|2|ENSEMBL:ENSG00000228422|ENSE00001782602|11809987|ENSEMBL:ENST00000659465
chr20|11878371|ENSE00003843982|1|ENSEMBL:ENSG00000228422|ENSE00003843982|11878258|ENSEMBL:ENST00000427835
chr20|11873217|ENSE00003847207|2|ENSEMBL:ENSG00000228422|ENSE00003847207|11873147|ENSEMBL:ENST00000427835
chr20|11872193|ENSE00003842959|3|ENSEMBL:ENSG00000228422|ENSE00003842959|11871899|ENSEMBL:ENST00000427835
chr20|11870727|ENSE00003849987|4|ENSEMBL:ENSG00000228422|ENSE00003849987|11870645|ENSEMBL:ENST00000427835
chr20|11849658|ENSE00001672591|5|ENSEMBL:ENSG00000228422|ENSE00001672591|11849507|ENSEMBL:ENST00000427835
chr20|11810439|ENSE00001782602|6|ENSEMBL:ENSG00000228422|ENSE00001782602|11809987|ENSEMBL:ENST00000427835
chr20|11878371|ENSE00003875421|1|ENSEMBL:ENSG00000228422|ENSE00003875421|11878254|ENSEMBL:ENST00000656506
chr20|11870727|ENSE00003849987|2|ENSEMBL:ENSG00000228422|ENSE00003849987|11870645|ENSEMBL:ENST00000656506
chr20|11810439|ENSE00003851555|3|ENSEMBL:ENSG00000228422|ENSE00003851555|11809988|ENSEMBL:ENST00000656506
chr20|11870728|ENSE00002550732|1|ENSEMBL:ENSG00000228422|ENSE00002550732|11870645|ENSEMBL:ENST00000557899
chr20|11810439|ENSE00002544955|2|ENSEMBL:ENSG00000228422|ENSE00002544955|11809989|ENSEMBL:ENST00000557899
chr20|11878429|ENSE00003868508|1|ENSEMBL:ENSG00000228422|ENSE00003868508|11878254|ENSEMBL:ENST00000666572
chr20|11872193|ENSE00003888065|2|ENSEMBL:ENSG00000228422|ENSE00003888065|11871986|ENSEMBL:ENST00000666572
chr20|11870727|ENSE00003849987|3|ENSEMBL:ENSG00000228422|ENSE00003849987|11870645|ENSEMBL:ENST00000666572
chr20|11810439|ENSE00002544955|4|ENSEMBL:ENSG00000228422|ENSE00002544955|11809989|ENSEMBL:ENST00000666572
chr20|11872022|ENSE00003866092|1|ENSEMBL:ENSG00000228422|ENSE00003866092|11871986|ENSEMBL:ENST00000668731
chr20|11870727|ENSE00003879487|2|ENSEMBL:ENSG00000228422|ENSE00003879487|11870529|ENSEMBL:ENST00000668731
chr20|11819091|ENSE00001590167|1|ENSEMBL:ENSG00000222281|ENSE00001590167|11818821|ENSEMBL:ENST00000410349
chr20|11838574|ENSE00003588437|1|ENSEMBL:ENSG00000271298|ENSE00003588437|11838355|ENSEMBL:ENST00000605565
chr20|11890954|ENSE00001769984|1|ENSEMBL:ENSG00000132640|ENSE00001769984|11890723|ENSEMBL:ENST00000254977
chr20|11918601|ENSE00002306852|2|ENSEMBL:ENSG00000132640|ENSE00002306852|11918334|ENSEMBL:ENST00000254977
chr20|11919176|ENSE00003893285|3|ENSEMBL:ENSG00000132640|ENSE00003893285|11919086|ENSEMBL:ENST00000254977
chr20|11919836|ENSE00003514068|4|ENSEMBL:ENSG00000132640|ENSE00003514068|11919718|ENSEMBL:ENST00000254977
chr20|11926609|ENSE00001476761|5|ENSEMBL:ENSG00000132640|ENSE00001476761|11922634|ENSEMBL:ENST00000254977
chr20|11890954|ENSE00001562877|1|ENSEMBL:ENSG00000132640|ENSE00001562877|11890817|ENSEMBL:ENST00000399006
chr20|11918011|ENSE00001535954|2|ENSEMBL:ENSG00000132640|ENSE00001535954|11917778|ENSEMBL:ENST00000399006
chr20|11918601|ENSE00002306852|3|ENSEMBL:ENSG00000132640|ENSE00002306852|11918334|ENSEMBL:ENST00000399006
chr20|11919176|ENSE00003893285|4|ENSEMBL:ENSG00000132640|ENSE00003893285|11919086|ENSEMBL:ENST00000399006
chr20|11919836|ENSE00003514068|5|ENSEMBL:ENSG00000132640|ENSE00003514068|11919718|ENSEMBL:ENST00000399006
chr20|11926609|ENSE00001476761|6|ENSEMBL:ENSG00000132640|ENSE00001476761|11922634|ENSEMBL:ENST00000399006
chr20|11890954|ENSE00001555768|1|ENSEMBL:ENSG00000132640|ENSE00001555768|11890828|ENSEMBL:ENST00000405977
chr20|11918601|ENSE00001553253|2|ENSEMBL:ENSG00000132640|ENSE00001553253|11917778|ENSEMBL:ENST00000405977
chr20|11919176|ENSE00003893285|3|ENSEMBL:ENSG00000132640|ENSE00003893285|11919086|ENSEMBL:ENST00000405977
chr20|11919836|ENSE00003514068|4|ENSEMBL:ENSG00000132640|ENSE00003514068|11919718|ENSEMBL:ENST00000405977
chr20|11926609|ENSE00001476761|5|ENSEMBL:ENSG00000132640|ENSE00001476761|11922634|ENSEMBL:ENST00000405977
chr20|11890954|ENSE00001714273|1|ENSEMBL:ENSG00000132640|ENSE00001714273|11890870|ENSEMBL:ENST00000449299
chr20|11918601|ENSE00002306852|2|ENSEMBL:ENSG00000132640|ENSE00002306852|11918334|ENSEMBL:ENST00000449299
chr20|11919836|ENSE00003605217|3|ENSEMBL:ENSG00000132640|ENSE00003605217|11919718|ENSEMBL:ENST00000449299
chr20|11923010|ENSE00001597289|4|ENSEMBL:ENSG00000132640|ENSE00001597289|11922634|ENSEMBL:ENST00000449299
chr20|11891447|ENSE00001727469|1|ENSEMBL:ENSG00000132640|ENSE00001727469|11891327|ENSEMBL:ENST00000450368
chr20|11918011|ENSE00001535954|2|ENSEMBL:ENSG00000132640|ENSE00001535954|11917778|ENSEMBL:ENST00000450368
chr20|11918463|ENSE00001749208|3|ENSEMBL:ENSG00000132640|ENSE00001749208|11918334|ENSEMBL:ENST00000450368
chr20|11892543|ENSE00001716260|1|ENSEMBL:ENSG00000132640|ENSE00001716260|11892493|ENSEMBL:ENST00000422390
chr20|11918601|ENSE00002306852|2|ENSEMBL:ENSG00000132640|ENSE00002306852|11918334|ENSEMBL:ENST00000422390
chr20|11919176|ENSE00003893285|3|ENSEMBL:ENSG00000132640|ENSE00003893285|11919086|ENSEMBL:ENST00000422390
chr20|11919836|ENSE00003514068|4|ENSEMBL:ENSG00000132640|ENSE00003514068|11919718|ENSEMBL:ENST00000422390
chr20|11922687|ENSE00001630481|5|ENSEMBL:ENSG00000132640|ENSE00001630481|11922634|ENSEMBL:ENST00000422390
chr20|11892543|ENSE00001716260|1|ENSEMBL:ENSG00000132640|ENSE00001716260|11892493|ENSEMBL:ENST00000618918
chr20|11918601|ENSE00002306852|2|ENSEMBL:ENSG00000132640|ENSE00002306852|11918334|ENSEMBL:ENST00000618918
chr20|11919176|ENSE00003893285|3|ENSEMBL:ENSG00000132640|ENSE00003893285|11919086|ENSEMBL:ENST00000618918
chr20|11919836|ENSE00003514068|4|ENSEMBL:ENSG00000132640|ENSE00003514068|11919718|ENSEMBL:ENST00000618918
chr20|11926590|ENSE00000906767|5|ENSEMBL:ENSG00000132640|ENSE00000906767|11922634|ENSEMBL:ENST00000618918
chr20|11918011|ENSE00003713138|1|ENSEMBL:ENSG00000132640|ENSE00003713138|11917865|ENSEMBL:ENST00000618296
chr20|11918601|ENSE00002306852|2|ENSEMBL:ENSG00000132640|ENSE00002306852|11918334|ENSEMBL:ENST00000618296
chr20|11919176|ENSE00003893285|3|ENSEMBL:ENSG00000132640|ENSE00003893285|11919086|ENSEMBL:ENST00000618296
chr20|11919836|ENSE00003514068|4|ENSEMBL:ENSG00000132640|ENSE00003514068|11919718|ENSEMBL:ENST00000618296
chr20|11926590|ENSE00000906767|5|ENSEMBL:ENSG00000132640|ENSE00000906767|11922634|ENSEMBL:ENST00000618296
chr20|11918601|ENSE00001476769|1|ENSEMBL:ENSG00000132640|ENSE00001476769|11917893|ENSEMBL:ENST00000378226
chr20|11919176|ENSE00003893285|2|ENSEMBL:ENSG00000132640|ENSE00003893285|11919086|ENSEMBL:ENST00000378226
chr20|11919836|ENSE00003514068|3|ENSEMBL:ENSG00000132640|ENSE00003514068|11919718|ENSEMBL:ENST00000378226
chr20|11926595|ENSE00003849570|4|ENSEMBL:ENSG00000132640|ENSE00003849570|11922634|ENSEMBL:ENST00000378226
chr20|11918876|ENSE00001594821|1|ENSEMBL:ENSG00000132640|ENSE00001594821|11918810|ENSEMBL:ENST00000455911
chr20|11919176|ENSE00003636997|2|ENSEMBL:ENSG00000132640|ENSE00003636997|11919086|ENSEMBL:ENST00000455911
chr20|11919836|ENSE00003514068|3|ENSEMBL:ENSG00000132640|ENSE00003514068|11919718|ENSEMBL:ENST00000455911
chr20|11922849|ENSE00001740209|4|ENSEMBL:ENSG00000132640|ENSE00001740209|11922634|ENSEMBL:ENST00000455911
chr20|11919176|ENSE00001598981|1|ENSEMBL:ENSG00000132640|ENSE00001598981|11918851|ENSEMBL:ENST00000430557
chr20|11919836|ENSE00003514068|2|ENSEMBL:ENSG00000132640|ENSE00003514068|11919718|ENSEMBL:ENST00000430557
chr20|11922729|ENSE00001797384|3|ENSEMBL:ENSG00000132640|ENSE00001797384|11922634|ENSEMBL:ENST00000430557
chr20|11919610|ENSE00001911554|1|ENSEMBL:ENSG00000132640|ENSE00001911554|11919277|ENSEMBL:ENST00000488503
chr20|11919836|ENSE00003471233|2|ENSEMBL:ENSG00000132640|ENSE00003471233|11919718|ENSEMBL:ENST00000488503
chr20|11922985|ENSE00001950345|3|ENSEMBL:ENSG00000132640|ENSE00001950345|11922634|ENSEMBL:ENST00000488503
chr20|11919423|ENSE00001917516|1|ENSEMBL:ENSG00000132640|ENSE00001917516|11919277|ENSEMBL:ENST00000471120
chr20|11919836|ENSE00003471233|2|ENSEMBL:ENSG00000132640|ENSE00003471233|11919718|ENSEMBL:ENST00000471120
chr20|11923035|ENSE00001921113|3|ENSEMBL:ENSG00000132640|ENSE00001921113|11922634|ENSEMBL:ENST00000471120
chr20|11919836|ENSE00001914798|1|ENSEMBL:ENSG00000132640|ENSE00001914798|11919541|ENSEMBL:ENST00000473416
chr20|11922889|ENSE00001838559|2|ENSEMBL:ENSG00000132640|ENSE00001838559|11922634|ENSEMBL:ENST00000473416
chr20|11921662|ENSE00001810665|1|ENSEMBL:ENSG00000132640|ENSE00001810665|11921566|ENSEMBL:ENST00000473180
chr20|11923130|ENSE00001905909|2|ENSEMBL:ENSG00000132640|ENSE00001905909|11922634|ENSEMBL:ENST00000473180
chr20|11918677|ENSE00001651853|1|ENSEMBL:ENSG00000236526|ENSE00001651853|11918314|ENSEMBL:ENST00000439529
chr20|11913676|ENSE00001606984|2|ENSEMBL:ENSG00000236526|ENSE00001606984|11913314|ENSEMBL:ENST00000439529
chr20|11910507|ENSE00001802502|3|ENSEMBL:ENSG00000236526|ENSE00001802502|11909404|ENSEMBL:ENST00000439529
chr20|12318221|ENSE00003876622|1|ENSEMBL:ENSG00000235292|ENSE00003876622|12318050|ENSEMBL:ENST00000654812
chr20|12247441|ENSE00003882635|2|ENSEMBL:ENSG00000235292|ENSE00003882635|12247035|ENSEMBL:ENST00000654812
chr20|12245839|ENSE00003857165|3|ENSEMBL:ENSG00000235292|ENSE00003857165|12243308|ENSEMBL:ENST00000654812
chr20|12244296|ENSE00001774029|1|ENSEMBL:ENSG00000235292|ENSE00001774029|12244169|ENSEMBL:ENST00000455132
chr20|12244046|ENSE00001735799|2|ENSEMBL:ENSG00000235292|ENSE00001735799|12243895|ENSEMBL:ENST00000455132
chr20|12316485|ENSE00001645718|1|ENSEMBL:ENSG00000230437|ENSE00001645718|12316127|ENSEMBL:ENST00000442389
chr20|12305726|ENSE00001733253|2|ENSEMBL:ENSG00000230437|ENSE00001733253|12305613|ENSEMBL:ENST00000442389
chr20|12381255|ENSE00001777561|1|ENSEMBL:ENSG00000235698|ENSE00001777561|12380056|ENSEMBL:ENST00000414718
chr20|12952519|ENSE00001596657|1|ENSEMBL:ENSG00000233048|ENSE00001596657|12951765|ENSEMBL:ENST00000456265
chr20|12950486|ENSE00001666714|2|ENSEMBL:ENSG00000233048|ENSE00001666714|12950400|ENSEMBL:ENST00000456265
chr20|12945192|ENSE00001732511|3|ENSEMBL:ENSG00000233048|ENSE00001732511|12945144|ENSEMBL:ENST00000456265
chr20|12940936|ENSE00001642647|4|ENSEMBL:ENSG00000233048|ENSE00001642647|12940819|ENSEMBL:ENST00000456265
chr20|12924908|ENSE00001632995|5|ENSEMBL:ENSG00000233048|ENSE00001632995|12924732|ENSEMBL:ENST00000456265
chr20|12920721|ENSE00001789450|6|ENSEMBL:ENSG00000233048|ENSE00001789450|12920629|ENSEMBL:ENST00000456265
chr20|12907116|ENSE00001704857|7|ENSEMBL:ENSG00000233048|ENSE00001704857|12906995|ENSEMBL:ENST00000456265
chr20|12902420|ENSE00001695832|8|ENSEMBL:ENSG00000233048|ENSE00001695832|12902308|ENSEMBL:ENST00000456265
chr20|12894501|ENSE00001641315|9|ENSEMBL:ENSG00000233048|ENSE00001641315|12894347|ENSEMBL:ENST00000456265
chr20|12893426|ENSE00001601055|10|ENSEMBL:ENSG00000233048|ENSE00001601055|12892641|ENSEMBL:ENST00000456265
chr20|12866605|ENSE00001791740|11|ENSEMBL:ENSG00000233048|ENSE00001791740|12866504|ENSEMBL:ENST00000456265
chr20|12865677|ENSE00001641615|12|ENSEMBL:ENSG00000233048|ENSE00001641615|12865202|ENSEMBL:ENST00000456265
chr20|12935783|ENSE00003318762|1|ENSEMBL:ENSG00000269931|ENSE00003318762|12934877|ENSEMBL:ENST00000602702
chr20|12937097|ENSE00003850457|1|ENSEMBL:ENSG00000269931|ENSE00003850457|12936998|ENSEMBL:ENST00000651426
chr20|12936391|ENSE00003846990|2|ENSEMBL:ENSG00000269931|ENSE00003846990|12936204|ENSEMBL:ENST00000651426
chr20|12935474|ENSE00003844080|3|ENSEMBL:ENSG00000269931|ENSE00003844080|12934877|ENSEMBL:ENST00000651426
chr20|12936356|ENSE00003842272|1|ENSEMBL:ENSG00000286087|ENSE00003842272|12936262|ENSEMBL:ENST00000651029
chr20|12937101|ENSE00003846778|2|ENSEMBL:ENSG00000286087|ENSE00003846778|12937029|ENSEMBL:ENST00000651029
chr20|12937453|ENSE00003845030|3|ENSEMBL:ENSG00000286087|ENSE00003845030|12937332|ENSEMBL:ENST00000651029
chr20|12938282|ENSE00003843493|4|ENSEMBL:ENSG00000286087|ENSE00003843493|12938033|ENSEMBL:ENST00000651029
chr20|12940902|ENSE00003849688|5|ENSEMBL:ENSG00000286087|ENSE00003849688|12940515|ENSEMBL:ENST00000651029
chr20|12950761|ENSE00003869701|1|ENSEMBL:ENSG00000234265|ENSE00003869701|12950288|ENSEMBL:ENST00000660848
chr20|12951627|ENSE00001611431|2|ENSEMBL:ENSG00000234265|ENSE00001611431|12951451|ENSEMBL:ENST00000660848
chr20|12950761|ENSE00003882137|1|ENSEMBL:ENSG00000234265|ENSE00003882137|12950330|ENSEMBL:ENST00000666864
chr20|12951567|ENSE00003864293|2|ENSEMBL:ENSG00000234265|ENSE00003864293|12951451|ENSEMBL:ENST00000666864
chr20|12966172|ENSE00003876858|3|ENSEMBL:ENSG00000234265|ENSE00003876858|12966002|ENSEMBL:ENST00000666864
chr20|12967210|ENSE00003864411|4|ENSEMBL:ENSG00000234265|ENSE00003864411|12967049|ENSEMBL:ENST00000666864
chr20|12968130|ENSE00003865862|5|ENSEMBL:ENSG00000234265|ENSE00003865862|12967540|ENSEMBL:ENST00000666864
chr20|12950761|ENSE00003878260|1|ENSEMBL:ENSG00000234265|ENSE00003878260|12950334|ENSEMBL:ENST00000660733
chr20|12966172|ENSE00003876902|2|ENSEMBL:ENSG00000234265|ENSE00003876902|12965998|ENSEMBL:ENST00000660733
chr20|12967210|ENSE00003874617|3|ENSEMBL:ENSG00000234265|ENSE00003874617|12967046|ENSEMBL:ENST00000660733
chr20|12979490|ENSE00003869916|4|ENSEMBL:ENSG00000234265|ENSE00003869916|12979352|ENSEMBL:ENST00000660733
chr20|12950761|ENSE00003880209|1|ENSEMBL:ENSG00000234265|ENSE00003880209|12950336|ENSEMBL:ENST00000655843
chr20|12966172|ENSE00003876902|2|ENSEMBL:ENSG00000234265|ENSE00003876902|12965998|ENSEMBL:ENST00000655843
chr20|12967210|ENSE00003864411|3|ENSEMBL:ENSG00000234265|ENSE00003864411|12967049|ENSEMBL:ENST00000655843
chr20|12979490|ENSE00003869916|4|ENSEMBL:ENSG00000234265|ENSE00003869916|12979352|ENSEMBL:ENST00000655843
chr20|12950761|ENSE00001717782|1|ENSEMBL:ENSG00000234265|ENSE00001717782|12950338|ENSEMBL:ENST00000432244
chr20|12951627|ENSE00001611431|2|ENSEMBL:ENSG00000234265|ENSE00001611431|12951451|ENSEMBL:ENST00000432244
chr20|12950761|ENSE00001717782|1|ENSEMBL:ENSG00000234265|ENSE00001717782|12950338|ENSEMBL:ENST00000661302
chr20|12951567|ENSE00003864293|2|ENSEMBL:ENSG00000234265|ENSE00003864293|12951451|ENSEMBL:ENST00000661302
chr20|12966172|ENSE00003876858|3|ENSEMBL:ENSG00000234265|ENSE00003876858|12966002|ENSEMBL:ENST00000661302
chr20|12967210|ENSE00003874617|4|ENSEMBL:ENSG00000234265|ENSE00003874617|12967046|ENSEMBL:ENST00000661302
chr20|12979476|ENSE00003859415|5|ENSEMBL:ENSG00000234265|ENSE00003859415|12979352|ENSEMBL:ENST00000661302
chr20|12950761|ENSE00001717782|1|ENSEMBL:ENSG00000234265|ENSE00001717782|12950338|ENSEMBL:ENST00000664230
chr20|12966172|ENSE00003876858|2|ENSEMBL:ENSG00000234265|ENSE00003876858|12966002|ENSEMBL:ENST00000664230
chr20|12967210|ENSE00003864411|3|ENSEMBL:ENSG00000234265|ENSE00003864411|12967049|ENSEMBL:ENST00000664230
chr20|12979477|ENSE00003852526|4|ENSEMBL:ENSG00000234265|ENSE00003852526|12979352|ENSEMBL:ENST00000664230
chr20|12950761|ENSE00001717782|1|ENSEMBL:ENSG00000234265|ENSE00001717782|12950338|ENSEMBL:ENST00000668019
chr20|12966172|ENSE00003876858|2|ENSEMBL:ENSG00000234265|ENSE00003876858|12966002|ENSEMBL:ENST00000668019
chr20|12967210|ENSE00003874617|3|ENSEMBL:ENSG00000234265|ENSE00003874617|12967046|ENSEMBL:ENST00000668019
chr20|12979490|ENSE00003869916|4|ENSEMBL:ENSG00000234265|ENSE00003869916|12979352|ENSEMBL:ENST00000668019
chr20|12950761|ENSE00003873115|1|ENSEMBL:ENSG00000234265|ENSE00003873115|12950340|ENSEMBL:ENST00000658737
chr20|12966172|ENSE00003861061|2|ENSEMBL:ENSG00000234265|ENSE00003861061|12965930|ENSEMBL:ENST00000658737
chr20|12967280|ENSE00003873197|3|ENSEMBL:ENSG00000234265|ENSE00003873197|12967046|ENSEMBL:ENST00000658737
chr20|12950761|ENSE00003873115|1|ENSEMBL:ENSG00000234265|ENSE00003873115|12950340|ENSEMBL:ENST00000658457
chr20|12966172|ENSE00003876902|2|ENSEMBL:ENSG00000234265|ENSE00003876902|12965998|ENSEMBL:ENST00000658457
chr20|12967210|ENSE00003874617|3|ENSEMBL:ENSG00000234265|ENSE00003874617|12967046|ENSEMBL:ENST00000658457
chr20|12970944|ENSE00003884892|4|ENSEMBL:ENSG00000234265|ENSE00003884892|12970397|ENSEMBL:ENST00000658457
chr20|12950761|ENSE00003873115|1|ENSEMBL:ENSG00000234265|ENSE00003873115|12950340|ENSEMBL:ENST00000654168
chr20|12951567|ENSE00003864293|2|ENSEMBL:ENSG00000234265|ENSE00003864293|12951451|ENSEMBL:ENST00000654168
chr20|12966172|ENSE00003876902|3|ENSEMBL:ENSG00000234265|ENSE00003876902|12965998|ENSEMBL:ENST00000654168
chr20|12967210|ENSE00003874617|4|ENSEMBL:ENSG00000234265|ENSE00003874617|12967046|ENSEMBL:ENST00000654168
chr20|12979476|ENSE00003859415|5|ENSEMBL:ENSG00000234265|ENSE00003859415|12979352|ENSEMBL:ENST00000654168
chr20|12950800|ENSE00003855926|1|ENSEMBL:ENSG00000234265|ENSE00003855926|12950340|ENSEMBL:ENST00000669657
chr20|12951523|ENSE00003885812|2|ENSEMBL:ENSG00000234265|ENSE00003885812|12951451|ENSEMBL:ENST00000669657
chr20|12966172|ENSE00003876902|3|ENSEMBL:ENSG00000234265|ENSE00003876902|12965998|ENSEMBL:ENST00000669657
chr20|12967210|ENSE00003874617|4|ENSEMBL:ENSG00000234265|ENSE00003874617|12967046|ENSEMBL:ENST00000669657
chr20|13008415|ENSE00003866703|5|ENSEMBL:ENSG00000234265|ENSE00003866703|13008058|ENSEMBL:ENST00000669657
chr20|12950761|ENSE00003860271|1|ENSEMBL:ENSG00000234265|ENSE00003860271|12950343|ENSEMBL:ENST00000669978
chr20|12951567|ENSE00003864293|2|ENSEMBL:ENSG00000234265|ENSE00003864293|12951451|ENSEMBL:ENST00000669978
chr20|12966172|ENSE00003876902|3|ENSEMBL:ENSG00000234265|ENSE00003876902|12965998|ENSEMBL:ENST00000669978
chr20|12967287|ENSE00003877615|4|ENSEMBL:ENSG00000234265|ENSE00003877615|12967049|ENSEMBL:ENST00000669978
chr20|12950761|ENSE00003860271|1|ENSEMBL:ENSG00000234265|ENSE00003860271|12950343|ENSEMBL:ENST00000670547
chr20|12951567|ENSE00003864293|2|ENSEMBL:ENSG00000234265|ENSE00003864293|12951451|ENSEMBL:ENST00000670547
chr20|12966172|ENSE00003876902|3|ENSEMBL:ENSG00000234265|ENSE00003876902|12965998|ENSEMBL:ENST00000670547
chr20|12967210|ENSE00003874617|4|ENSEMBL:ENSG00000234265|ENSE00003874617|12967046|ENSEMBL:ENST00000670547
chr20|12994996|ENSE00003879055|5|ENSEMBL:ENSG00000234265|ENSE00003879055|12994910|ENSEMBL:ENST00000670547
chr20|13008417|ENSE00003854347|6|ENSEMBL:ENSG00000234265|ENSE00003854347|13008058|ENSEMBL:ENST00000670547
chr20|12950761|ENSE00003866134|1|ENSEMBL:ENSG00000234265|ENSE00003866134|12950345|ENSEMBL:ENST00000671262
chr20|12951567|ENSE00003864293|2|ENSEMBL:ENSG00000234265|ENSE00003864293|12951451|ENSEMBL:ENST00000671262
chr20|12966172|ENSE00003876858|3|ENSEMBL:ENSG00000234265|ENSE00003876858|12966002|ENSEMBL:ENST00000671262
chr20|12967210|ENSE00003874617|4|ENSEMBL:ENSG00000234265|ENSE00003874617|12967046|ENSEMBL:ENST00000671262
chr20|13008417|ENSE00003854347|5|ENSEMBL:ENSG00000234265|ENSE00003854347|13008058|ENSEMBL:ENST00000671262
chr20|13009384|ENSE00001930212|1|ENSEMBL:ENSG00000172296|ENSE00001930212|13008972|ENSEMBL:ENST00000399002
chr20|13009384|ENSE00002215346|1|ENSEMBL:ENSG00000172296|ENSE00002215346|13008979|ENSEMBL:ENST00000476791
chr20|13009072|ENSE00001671804|1|ENSEMBL:ENSG00000172296|ENSE00001671804|13008987|ENSEMBL:ENST00000434210
chr20|13009384|ENSE00001639937|2|ENSEMBL:ENSG00000172296|ENSE00001639937|13009201|ENSEMBL:ENST00000434210
chr20|13009384|ENSE00001675621|1|ENSEMBL:ENSG00000172296|ENSE00001675621|13009349|ENSEMBL:ENST00000450297
