chr|end|id|start|variant_type
chr1|52000|0001059_NSSV16889290|10000|duplication
chr1|88143|0001059_NSSV14768|10001|duplication
chr1|82189|0001059_NSSV14781|10001|duplication
chr1|87466|0001059_NSSV14784|10001|duplication
chr1|88143|0001059_NSSV14790|10001|duplication
chr1|297968|0001059_NSSV1529569|10001|duplication
chr1|127330|0001059_NSSV15707761|10001|duplication
chr1|82189|0001059_NSSV15707940|10001|duplication
chr1|782105|0001059_NSSV1601260|10001|duplication
chr1|782105|0001059_NSSV1601261|10001|duplication
chr1|6831263|0001059_NSSV1612836|10001|deletion
chr1|6743974|0001059_NSSV1613119|10001|deletion
chr1|6068104|0001059_NSSV1613156|10001|deletion
chr1|2940953|0001059_NSSV1613277|10001|deletion
chr1|2777471|0001059_NSSV1613509|10001|deletion
chr1|7688915|0001059_NSSV1613648|10001|deletion
chr1|4799319|0001059_NSSV1613719|10001|deletion
chr1|1535693|0001059_NSSV1614481|10001|deletion
chr1|9962135|0001059_NSSV1614868|10001|deletion
chr1|5226310|0001059_NSSV1614930|10001|deletion
chr1|3792349|0001059_NSSV1615160|10001|deletion
chr1|6128996|0001059_NSSV1615317|10001|deletion
chr1|6623969|0001059_NSSV1615498|10001|deletion
chr1|6861374|0001059_NSSV1615801|10001|deletion
chr1|4018458|0001059_NSSV1615861|10001|deletion
chr1|4410388|0001059_NSSV1616125|10001|deletion
chr1|5476654|0001059_NSSV1616525|10001|deletion
chr1|5532775|0001059_NSSV16255736|10001|deletion
chr1|19818|0001059_NSSV1749199|10001|duplication
chr1|19818|0001059_NSSV1749200|10001|duplication
chr1|19818|0001059_NSSV1749201|10001|duplication
chr1|19818|0001059_NSSV1749212|10001|duplication
chr1|19818|0001059_NSSV1749223|10001|duplication
chr1|19818|0001059_NSSV1749234|10001|duplication
chr1|19818|0001059_NSSV1749245|10001|duplication
chr1|19818|0001059_NSSV1749256|10001|duplication
chr1|19818|0001059_NSSV1749267|10001|duplication
chr1|19818|0001059_NSSV1749278|10001|duplication
chr1|19818|0001059_NSSV1749289|10001|duplication
chr1|19818|0001059_NSSV1749300|10001|duplication
chr1|19818|0001059_NSSV1749337|10001|duplication
chr1|19818|0001059_NSSV1749338|10001|duplication
chr1|19818|0001059_NSSV1749449|10001|duplication
chr1|19818|0001059_NSSV1750484|10001|duplication
chr1|19818|0001059_NSSV1750595|10001|duplication
chr1|19818|0001059_NSSV1750706|10001|duplication
chr1|19818|0001059_NSSV1751732|10001|duplication
chr1|19818|0001059_NSSV1751743|10001|duplication
chr1|19818|0001059_NSSV1751754|10001|duplication
chr1|19818|0001059_NSSV1751765|10001|duplication
chr1|19818|0001059_NSSV1751776|10001|duplication
chr1|19818|0001059_NSSV1751787|10001|duplication
chr1|19818|0001059_NSSV1751788|10001|duplication
chr1|19818|0001059_NSSV1751799|10001|duplication
chr1|19818|0001059_NSSV1751810|10001|duplication
chr1|19818|0001059_NSSV1751821|10001|duplication
chr1|19818|0001059_NSSV1751832|10001|duplication
chr1|19818|0001059_NSSV1751843|10001|duplication
chr1|19818|0001059_NSSV1751854|10001|duplication
chr1|19818|0001059_NSSV1751865|10001|duplication
chr1|19818|0001059_NSSV1751876|10001|duplication
chr1|19818|0001059_NSSV1751887|10001|duplication
chr1|19818|0001059_NSSV1751898|10001|duplication
chr1|19818|0001059_NSSV1751899|10001|duplication
chr1|19818|0001059_NSSV1752886|10001|duplication
chr1|19818|0001059_NSSV1752995|10001|duplication
chr1|19818|0001059_NSSV1753096|10001|duplication
chr1|19818|0001059_NSSV1754121|10001|duplication
chr1|19818|0001059_NSSV1754222|10001|duplication
chr1|19818|0001059_NSSV1754288|10001|duplication
chr1|19818|0001059_NSSV1754289|10001|duplication
chr1|19818|0001059_NSSV1754290|10001|duplication
chr1|19818|0001059_NSSV1754291|10001|duplication
chr1|19818|0001059_NSSV1754292|10001|duplication
chr1|19818|0001059_NSSV1754293|10001|duplication
chr1|19818|0001059_NSSV1754294|10001|duplication
chr1|19818|0001059_NSSV1754295|10001|duplication
chr1|19818|0001059_NSSV1754296|10001|duplication
chr1|19818|0001059_NSSV1754297|10001|duplication
chr1|19818|0001059_NSSV1754298|10001|duplication
chr1|19818|0001059_NSSV1754299|10001|duplication
chr1|19818|0001059_NSSV1754300|10001|duplication
chr1|19818|0001059_NSSV1754301|10001|duplication
chr1|19818|0001059_NSSV1754302|10001|duplication
chr1|19818|0001059_NSSV1754303|10001|duplication
chr1|19818|0001059_NSSV1754304|10001|duplication
chr1|19818|0001059_NSSV1754305|10001|duplication
chr1|19818|0001059_NSSV1754306|10001|duplication
chr1|19818|0001059_NSSV1754307|10001|duplication
chr1|19818|0001059_NSSV1754308|10001|duplication
chr1|19818|0001059_NSSV1754309|10001|duplication
chr1|19818|0001059_NSSV1754310|10001|duplication
chr1|19818|0001059_NSSV1754376|10001|duplication
chr1|19818|0001059_NSSV1755093|10001|duplication
chr1|19818|0001059_NSSV1755194|10001|duplication
chr1|19818|0001059_NSSV1755295|10001|duplication
chr1|19818|0001059_NSSV1755296|10001|duplication
chr1|19818|0001059_NSSV1755397|10001|duplication
chr1|19818|0001059_NSSV1755451|10001|duplication
chr1|19818|0001059_NSSV1755452|10001|duplication
chr1|19818|0001059_NSSV1755453|10001|duplication
chr1|19818|0001059_NSSV1755454|10001|duplication
chr1|19818|0001059_NSSV1755455|10001|duplication
chr1|19818|0001059_NSSV1755456|10001|duplication
chr1|19818|0001059_NSSV1755457|10001|duplication
chr1|19818|0001059_NSSV1755458|10001|duplication
chr1|19818|0001059_NSSV1755459|10001|duplication
chr1|19818|0001059_NSSV1755470|10001|duplication
chr1|52000|0001059_NSSV17675339|10001|duplication
chr1|2649537|0001059_NSSV18792863|10001|deletion
chr1|22118|0001059_NSSV2570917|10001|duplication
chr1|22118|0001059_NSSV2570918|10001|duplication
chr1|22118|0001059_NSSV2570919|10001|duplication
chr1|22118|0001059_NSSV2571098|10001|duplication
chr1|22118|0001059_NSSV2572825|10001|duplication
chr1|22118|0001059_NSSV2574189|10001|duplication
chr1|22118|0001059_NSSV2575216|10001|duplication
chr1|22118|0001059_NSSV2575439|10001|duplication
chr1|22118|0001059_NSSV2576553|10001|duplication
chr1|22118|0001059_NSSV2576564|10001|duplication
chr1|22118|0001059_NSSV2576575|10001|duplication
chr1|2368561|0001059_NSSV2995976|10001|deletion
chr1|15873505|0001059_NSSV2996030|10001|duplication
chr1|15873505|0001059_NSSV2996227|10001|duplication
chr1|15873505|0001059_NSSV2996525|10001|deletion
chr1|7139940|0001059_NSSV3008963|10001|deletion
chr1|2368561|0001059_NSSV3009025|10001|duplication
chr1|347967|0001059_NSSV17060072|10002|inversion
chr1|10059|0001059_NSSV17518260|10059|insertion
chr1|10175|0001059_ESSV5362496|10175|insertion
chr1|10281|0001059_NSSV3005193|10191|deletion
chr1|13950|0001059_ESSV25945131|10351|duplication
chr1|18900|0001059_ESSV25960905|10351|duplication
chr1|18900|0001059_ESSV26042833|10351|duplication
chr1|177417|0001059_ESSV10172|10377|duplication
chr1|177417|0001059_ESSV11114|10377|duplication
chr1|707652|0001059_ESSV1421|10377|deletion
chr1|177417|0001059_ESSV14783|10377|duplication
chr1|177417|0001059_ESSV15097|10377|duplication
chr1|177417|0001059_ESSV15821|10377|duplication
chr1|707652|0001059_ESSV171|10377|deletion
chr1|177417|0001059_ESSV3863|10377|duplication
chr1|707652|0001059_ESSV4750|10377|deletion
chr1|877104|0001059_ESSV7224|10377|deletion
chr1|177417|0001059_ESSV9162|10377|duplication
chr1|177417|0001059_NSSV450130|10377|duplication
chr1|877104|0001059_NSSV450131|10377|duplication
chr1|877104|0001059_NSSV450242|10377|duplication
chr1|1062907|0001059_NSSV450353|10377|duplication
chr1|297968|0001059_NSSV451241|10377|duplication
chr1|297968|0001059_NSSV452352|10377|duplication
chr1|297968|0001059_NSSV453463|10377|duplication
chr1|297968|0001059_NSSV454076|10377|duplication
chr1|297968|0001059_NSSV454187|10377|duplication
chr1|297968|0001059_NSSV454298|10377|duplication
chr1|877104|0001059_NSSV454409|10377|duplication
chr1|877104|0001059_NSSV454520|10377|duplication
chr1|10380|0001059_NSSV17525697|10380|insertion
chr1|10439|0001059_NSSV17861757|10383|deletion
chr1|10439|0001059_NSSV17868416|10389|deletion
chr1|91558|0001059_ESSV33662|10499|duplication
chr1|177368|0001059_ESSV34520|10499|duplication
chr1|91558|0001059_ESSV36301|10499|duplication
chr1|81231|0001059_ESSV36569|10499|duplication
chr1|87610|0001059_ESSV42378|10499|duplication
chr1|87096|0001059_ESSV43633|10499|duplication
chr1|87096|0001059_ESSV44330|10499|duplication
chr1|91558|0001059_ESSV45662|10499|duplication
chr1|86730|0001059_ESSV47291|10499|duplication
chr1|80652|0001059_ESSV48828|10499|duplication
chr1|177368|0001059_ESSV52357|10499|duplication
chr1|86730|0001059_ESSV53480|10499|duplication
